city,route_type,route,variable,High,Low,Medium
hr,Bus,001,access_to_hospital,10.0,108.0,14.0
hr,Bus,001,flood_risk,92.0,0.0,40.0
hr,Bus,001,job_access,38.0,66.0,28.0
hr,Bus,001,worker_vulnerability,34.0,46.0,52.0
hr,Bus,002,access_to_hospital,19.0,31.0,14.0
hr,Bus,002,flood_risk,63.0,0.0,1.0
hr,Bus,002,job_access,40.0,14.0,10.0
hr,Bus,002,worker_vulnerability,6.0,46.0,12.0
hr,Bus,003,access_to_hospital,0.0,94.0,0.0
hr,Bus,003,flood_risk,58.0,0.0,36.0
hr,Bus,003,job_access,22.0,46.0,26.0
hr,Bus,003,worker_vulnerability,63.0,0.0,31.0
hr,Bus,004,access_to_hospital,0.0,32.0,2.0
hr,Bus,004,flood_risk,33.0,0.0,1.0
hr,Bus,004,job_access,34.0,0.0,0.0
hr,Bus,004,worker_vulnerability,4.0,14.0,16.0
hr,Bus,005,access_to_hospital,0.0,46.0,0.0
hr,Bus,005,flood_risk,26.0,0.0,20.0
hr,Bus,005,job_access,3.0,40.0,3.0
hr,Bus,005,worker_vulnerability,26.0,0.0,20.0
hr,Bus,006,access_to_hospital,0.0,46.0,0.0
hr,Bus,006,flood_risk,34.0,0.0,12.0
hr,Bus,006,job_access,29.0,4.0,13.0
hr,Bus,006,worker_vulnerability,19.0,7.0,20.0
hr,Bus,008,access_to_hospital,0.0,50.0,0.0
hr,Bus,008,flood_risk,45.0,0.0,5.0
hr,Bus,008,job_access,24.0,7.0,19.0
hr,Bus,008,worker_vulnerability,28.0,0.0,22.0
hr,Bus,009,access_to_hospital,5.0,51.0,10.0
hr,Bus,009,flood_risk,40.0,0.0,26.0
hr,Bus,009,job_access,39.0,7.0,20.0
hr,Bus,009,worker_vulnerability,38.0,10.0,18.0
hr,Bus,011,access_to_hospital,2.0,23.0,9.0
hr,Bus,011,flood_risk,34.0,0.0,0.0
hr,Bus,011,job_access,32.0,0.0,2.0
hr,Bus,011,worker_vulnerability,8.0,7.0,19.0
hr,Bus,012,access_to_hospital,0.0,84.0,0.0
hr,Bus,012,flood_risk,12.0,0.0,72.0
hr,Bus,012,job_access,18.0,25.0,41.0
hr,Bus,012,worker_vulnerability,16.0,40.0,28.0
hr,Bus,013,access_to_hospital,0.0,69.0,0.0
hr,Bus,013,flood_risk,21.0,0.0,48.0
hr,Bus,013,job_access,23.0,24.0,22.0
hr,Bus,013,worker_vulnerability,36.0,7.0,26.0
hr,Bus,014,access_to_hospital,5.0,39.0,3.0
hr,Bus,014,flood_risk,6.0,0.0,41.0
hr,Bus,014,job_access,43.0,0.0,4.0
hr,Bus,014,worker_vulnerability,0.0,45.0,2.0
hr,Bus,015,access_to_hospital,1.0,69.0,7.0
hr,Bus,015,flood_risk,26.0,0.0,51.0
hr,Bus,015,job_access,50.0,6.0,21.0
hr,Bus,015,worker_vulnerability,19.0,22.0,36.0
hr,Bus,018,access_to_hospital,0.0,31.0,11.0
hr,Bus,018,flood_risk,38.0,0.0,4.0
hr,Bus,018,job_access,13.0,10.0,19.0
hr,Bus,018,worker_vulnerability,26.0,0.0,16.0
hr,Bus,020,access_to_hospital,11.0,105.0,27.0
hr,Bus,020,flood_risk,88.0,0.0,55.0
hr,Bus,020,job_access,121.0,4.0,18.0
hr,Bus,020,worker_vulnerability,15.0,103.0,25.0
hr,Bus,021,access_to_hospital,0.0,87.0,0.0
hr,Bus,021,flood_risk,70.0,0.0,17.0
hr,Bus,021,job_access,20.0,27.0,40.0
hr,Bus,021,worker_vulnerability,31.0,7.0,49.0
hr,Bus,022,access_to_hospital,0.0,54.0,9.0
hr,Bus,022,flood_risk,32.0,0.0,31.0
hr,Bus,022,job_access,13.0,26.0,24.0
hr,Bus,022,worker_vulnerability,1.0,40.0,22.0
hr,Bus,023,access_to_hospital,14.0,42.0,20.0
hr,Bus,023,flood_risk,62.0,0.0,14.0
hr,Bus,023,job_access,62.0,0.0,14.0
hr,Bus,023,worker_vulnerability,16.0,27.0,33.0
hr,Bus,024,access_to_hospital,0.0,80.0,7.0
hr,Bus,024,flood_risk,10.0,0.0,77.0
hr,Bus,024,job_access,39.0,5.0,43.0
hr,Bus,024,worker_vulnerability,0.0,85.0,2.0
hr,Bus,025,access_to_hospital,6.0,34.0,11.0
hr,Bus,025,flood_risk,27.0,0.0,24.0
hr,Bus,025,job_access,27.0,1.0,23.0
hr,Bus,025,worker_vulnerability,0.0,49.0,2.0
hr,Bus,026,access_to_hospital,0.0,35.0,0.0
hr,Bus,026,flood_risk,8.0,0.0,27.0
hr,Bus,026,job_access,5.0,9.0,21.0
hr,Bus,026,worker_vulnerability,0.0,35.0,0.0
hr,Bus,027,access_to_hospital,0.0,30.0,5.0
hr,Bus,027,flood_risk,11.0,0.0,24.0
hr,Bus,027,job_access,18.0,5.0,12.0
hr,Bus,027,worker_vulnerability,0.0,23.0,12.0
hr,Bus,029,access_to_hospital,8.0,67.0,5.0
hr,Bus,029,flood_risk,42.0,0.0,38.0
hr,Bus,029,job_access,30.0,23.0,27.0
hr,Bus,029,worker_vulnerability,0.0,80.0,0.0
hr,Bus,033,access_to_hospital,5.0,66.0,11.0
hr,Bus,033,flood_risk,61.0,0.0,21.0
hr,Bus,033,job_access,28.0,22.0,32.0
hr,Bus,033,worker_vulnerability,0.0,82.0,0.0
hr,Bus,036,access_to_hospital,0.0,40.0,0.0
hr,Bus,036,flood_risk,11.0,0.0,29.0
hr,Bus,036,job_access,14.0,1.0,25.0
hr,Bus,036,worker_vulnerability,0.0,40.0,0.0
hr,Bus,041,access_to_hospital,0.0,74.0,3.0
hr,Bus,041,flood_risk,30.0,0.0,47.0
hr,Bus,041,job_access,5.0,31.0,41.0
hr,Bus,041,worker_vulnerability,51.0,0.0,26.0
hr,Bus,043,access_to_hospital,15.0,2.0,8.0
hr,Bus,043,flood_risk,24.0,0.0,1.0
hr,Bus,043,job_access,22.0,0.0,3.0
hr,Bus,043,worker_vulnerability,23.0,0.0,2.0
hr,Bus,044,access_to_hospital,5.0,57.0,5.0
hr,Bus,044,flood_risk,44.0,0.0,23.0
hr,Bus,044,job_access,25.0,5.0,37.0
hr,Bus,044,worker_vulnerability,20.0,6.0,41.0
hr,Bus,045,access_to_hospital,6.0,52.0,5.0
hr,Bus,045,flood_risk,31.0,0.0,32.0
hr,Bus,045,job_access,20.0,21.0,22.0
hr,Bus,045,worker_vulnerability,26.0,2.0,35.0
hr,Bus,047,access_to_hospital,18.0,35.0,9.0
hr,Bus,047,flood_risk,56.0,0.0,6.0
hr,Bus,047,job_access,35.0,12.0,15.0
hr,Bus,047,worker_vulnerability,26.0,15.0,21.0
hr,Bus,050,access_to_hospital,6.0,42.0,5.0
hr,Bus,050,flood_risk,32.0,0.0,21.0
hr,Bus,050,job_access,11.0,24.0,18.0
hr,Bus,050,worker_vulnerability,43.0,0.0,10.0
hr,Bus,057,access_to_hospital,0.0,77.0,0.0
hr,Bus,057,flood_risk,21.0,0.0,56.0
hr,Bus,057,job_access,0.0,22.0,55.0
hr,Bus,057,worker_vulnerability,21.0,14.0,42.0
hr,Bus,058,access_to_hospital,0.0,72.0,0.0
hr,Bus,058,flood_risk,56.0,0.0,16.0
hr,Bus,058,job_access,21.0,34.0,17.0
hr,Bus,058,worker_vulnerability,14.0,40.0,18.0
hr,Bus,064,access_to_hospital,0.0,21.0,1.0
hr,Bus,064,flood_risk,10.0,0.0,12.0
hr,Bus,064,job_access,14.0,8.0,0.0
hr,Bus,064,worker_vulnerability,7.0,2.0,13.0
hr,Bus,101,access_to_hospital,7.0,44.0,12.0
hr,Bus,101,flood_risk,57.0,0.0,6.0
hr,Bus,101,job_access,20.0,28.0,15.0
hr,Bus,101,worker_vulnerability,36.0,0.0,27.0
hr,Bus,102,access_to_hospital,4.0,30.0,6.0
hr,Bus,102,flood_risk,33.0,0.0,7.0
hr,Bus,102,job_access,20.0,12.0,8.0
hr,Bus,102,worker_vulnerability,27.0,0.0,13.0
hr,Bus,103,access_to_hospital,2.0,57.0,15.0
hr,Bus,103,flood_risk,53.0,0.0,21.0
hr,Bus,103,job_access,26.0,7.0,41.0
hr,Bus,103,worker_vulnerability,49.0,0.0,25.0
hr,Bus,104,access_to_hospital,11.0,35.0,18.0
hr,Bus,104,flood_risk,62.0,0.0,2.0
hr,Bus,104,job_access,9.0,6.0,49.0
hr,Bus,104,worker_vulnerability,36.0,0.0,28.0
hr,Bus,105,access_to_hospital,8.0,58.0,29.0
hr,Bus,105,flood_risk,91.0,0.0,4.0
hr,Bus,105,job_access,19.0,34.0,42.0
hr,Bus,105,worker_vulnerability,62.0,0.0,33.0
hr,Bus,106,access_to_hospital,0.0,118.0,4.0
hr,Bus,106,flood_risk,2.0,1.0,119.0
hr,Bus,106,job_access,47.0,31.0,44.0
hr,Bus,106,worker_vulnerability,43.0,4.0,75.0
hr,Bus,107,access_to_hospital,0.0,96.0,6.0
hr,Bus,107,flood_risk,2.0,0.0,100.0
hr,Bus,107,job_access,53.0,8.0,41.0
hr,Bus,107,worker_vulnerability,23.0,0.0,79.0
hr,Bus,108,access_to_hospital,0.0,72.0,2.0
hr,Bus,108,flood_risk,0.0,0.0,74.0
hr,Bus,108,job_access,30.0,24.0,20.0
hr,Bus,108,worker_vulnerability,30.0,13.0,31.0
hr,Bus,109,access_to_hospital,0.0,40.0,0.0
hr,Bus,109,flood_risk,40.0,0.0,0.0
hr,Bus,109,job_access,6.0,30.0,4.0
hr,Bus,109,worker_vulnerability,28.0,0.0,12.0
hr,Bus,110,access_to_hospital,0.0,96.0,0.0
hr,Bus,110,flood_risk,79.0,0.0,17.0
hr,Bus,110,job_access,11.0,48.0,37.0
hr,Bus,110,worker_vulnerability,48.0,0.0,48.0
hr,Bus,111,access_to_hospital,5.0,76.0,5.0
hr,Bus,111,flood_risk,0.0,0.0,86.0
hr,Bus,111,job_access,46.0,22.0,18.0
hr,Bus,111,worker_vulnerability,13.0,30.0,43.0
hr,Bus,112,access_to_hospital,0.0,126.0,6.0
hr,Bus,112,flood_risk,53.0,0.0,79.0
hr,Bus,112,job_access,59.0,36.0,37.0
hr,Bus,112,worker_vulnerability,63.0,8.0,61.0
hr,Bus,114,access_to_hospital,0.0,52.0,4.0
hr,Bus,114,flood_risk,43.0,0.0,13.0
hr,Bus,114,job_access,30.0,1.0,25.0
hr,Bus,114,worker_vulnerability,45.0,0.0,11.0
hr,Bus,115,access_to_hospital,0.0,66.0,0.0
hr,Bus,115,flood_risk,66.0,0.0,0.0
hr,Bus,115,job_access,3.0,55.0,8.0
hr,Bus,115,worker_vulnerability,39.0,0.0,27.0
hr,Bus,117,access_to_hospital,0.0,9.0,4.0
hr,Bus,117,flood_risk,13.0,0.0,0.0
hr,Bus,117,job_access,6.0,3.0,4.0
hr,Bus,117,worker_vulnerability,1.0,0.0,12.0
hr,Bus,118,access_to_hospital,4.0,50.0,11.0
hr,Bus,118,flood_risk,43.0,0.0,22.0
hr,Bus,118,job_access,39.0,5.0,21.0
hr,Bus,118,worker_vulnerability,18.0,18.0,29.0
hr,Bus,120,access_to_hospital,0.0,40.0,1.0
hr,Bus,120,flood_risk,41.0,0.0,0.0
hr,Bus,120,job_access,6.0,19.0,16.0
hr,Bus,120,worker_vulnerability,18.0,0.0,23.0
hr,Bus,121,access_to_hospital,0.0,10.0,0.0
hr,Bus,121,flood_risk,1.0,0.0,9.0
hr,Bus,121,job_access,8.0,2.0,0.0
hr,Bus,121,worker_vulnerability,0.0,1.0,9.0
hr,Bus,15218,access_to_hospital,1.0,40.0,0.0
hr,Bus,15218,flood_risk,0.0,0.0,41.0
hr,Bus,15218,job_access,1.0,33.0,7.0
hr,Bus,15218,worker_vulnerability,3.0,14.0,24.0
hr,Bus,15221,access_to_hospital,1.0,18.0,0.0
hr,Bus,15221,flood_risk,0.0,0.0,19.0
hr,Bus,15221,job_access,0.0,19.0,0.0
hr,Bus,15221,worker_vulnerability,4.0,10.0,5.0
hr,Bus,15222,access_to_hospital,0.0,41.0,0.0
hr,Bus,15222,flood_risk,0.0,0.0,41.0
hr,Bus,15222,job_access,0.0,41.0,0.0
hr,Bus,15222,worker_vulnerability,0.0,11.0,30.0
hr,Bus,15223,access_to_hospital,0.0,15.0,0.0
hr,Bus,15223,flood_risk,0.0,0.0,15.0
hr,Bus,15223,job_access,10.0,0.0,5.0
hr,Bus,15223,worker_vulnerability,0.0,15.0,0.0
hr,Bus,15224,access_to_hospital,2.0,23.0,5.0
hr,Bus,15224,flood_risk,0.0,0.0,30.0
hr,Bus,15224,job_access,3.0,19.0,8.0
hr,Bus,15224,worker_vulnerability,0.0,28.0,2.0
hr,Bus,15225,access_to_hospital,0.0,24.0,0.0
hr,Bus,15225,flood_risk,7.0,0.0,17.0
hr,Bus,15225,job_access,6.0,15.0,3.0
hr,Bus,15225,worker_vulnerability,0.0,20.0,4.0
hr,Bus,15227,access_to_hospital,3.0,34.0,6.0
hr,Bus,15227,flood_risk,0.0,0.0,43.0
hr,Bus,15227,job_access,0.0,32.0,11.0
hr,Bus,15227,worker_vulnerability,0.0,39.0,4.0
hr,Bus,15228,access_to_hospital,0.0,37.0,0.0
hr,Bus,15228,flood_risk,0.0,0.0,37.0
hr,Bus,15228,job_access,3.0,31.0,3.0
hr,Bus,15228,worker_vulnerability,0.0,6.0,31.0
hr,Bus,15229,access_to_hospital,0.0,33.0,0.0
hr,Bus,15229,flood_risk,0.0,0.0,33.0
hr,Bus,15229,job_access,14.0,8.0,11.0
hr,Bus,15229,worker_vulnerability,0.0,33.0,0.0
hr,Bus,17382,access_to_hospital,0.0,10.0,0.0
hr,Bus,17382,flood_risk,0.0,0.0,10.0
hr,Bus,17382,job_access,6.0,1.0,3.0
hr,Bus,17382,worker_vulnerability,0.0,8.0,2.0
hr,Bus,403,access_to_hospital,5.0,60.0,10.0
hr,Bus,403,flood_risk,59.0,0.0,16.0
hr,Bus,403,job_access,31.0,31.0,13.0
hr,Bus,403,worker_vulnerability,37.0,0.0,38.0
hr,Bus,405,access_to_hospital,0.0,22.0,0.0
hr,Bus,405,flood_risk,10.0,0.0,12.0
hr,Bus,405,job_access,11.0,8.0,3.0
hr,Bus,405,worker_vulnerability,8.0,0.0,14.0
hr,Bus,414,access_to_hospital,0.0,105.0,3.0
hr,Bus,414,flood_risk,30.0,0.0,78.0
hr,Bus,414,job_access,51.0,26.0,31.0
hr,Bus,414,worker_vulnerability,47.0,6.0,55.0
hr,Bus,415,access_to_hospital,0.0,43.0,0.0
hr,Bus,415,flood_risk,2.0,0.0,41.0
hr,Bus,415,job_access,22.0,7.0,14.0
hr,Bus,415,worker_vulnerability,1.0,0.0,42.0
hr,Bus,430,access_to_hospital,0.0,22.0,0.0
hr,Bus,430,flood_risk,1.0,0.0,21.0
hr,Bus,430,job_access,15.0,4.0,3.0
hr,Bus,430,worker_vulnerability,1.0,0.0,21.0
hr,Bus,74823,access_to_hospital,2.0,22.0,6.0
hr,Bus,74823,flood_risk,0.0,0.0,30.0
hr,Bus,74823,job_access,16.0,3.0,11.0
hr,Bus,74823,worker_vulnerability,0.0,30.0,0.0
hr,Bus,74824,access_to_hospital,2.0,22.0,6.0
hr,Bus,74824,flood_risk,0.0,0.0,30.0
hr,Bus,74824,job_access,16.0,3.0,11.0
hr,Bus,74824,worker_vulnerability,0.0,30.0,0.0
hr,Bus,74825,access_to_hospital,0.0,25.0,0.0
hr,Bus,74825,flood_risk,0.0,0.0,25.0
hr,Bus,74825,job_access,11.0,6.0,8.0
hr,Bus,74825,worker_vulnerability,0.0,25.0,0.0
hr,Bus,921,access_to_hospital,0.0,10.0,0.0
hr,Bus,921,flood_risk,1.0,0.0,9.0
hr,Bus,921,job_access,8.0,2.0,0.0
hr,Bus,921,worker_vulnerability,0.0,1.0,9.0
hr,Bus,960_merged_9880515,access_to_hospital,3.0,7.0,3.0
hr,Bus,960_merged_9880515,flood_risk,12.0,0.0,1.0
hr,Bus,960_merged_9880515,job_access,13.0,0.0,0.0
hr,Bus,960_merged_9880515,worker_vulnerability,0.0,8.0,5.0
hr,Bus,960_merged_9880525,access_to_hospital,2.0,7.0,5.0
hr,Bus,960_merged_9880525,flood_risk,13.0,0.0,1.0
hr,Bus,960_merged_9880525,job_access,14.0,0.0,0.0
hr,Bus,960_merged_9880525,worker_vulnerability,0.0,9.0,5.0
hr,Bus,961_merged_9880516,access_to_hospital,2.0,23.0,4.0
hr,Bus,961_merged_9880516,flood_risk,18.0,0.0,11.0
hr,Bus,961_merged_9880516,job_access,26.0,2.0,1.0
hr,Bus,961_merged_9880516,worker_vulnerability,2.0,2.0,25.0
hr,Bus,961_merged_9880526,access_to_hospital,2.0,23.0,4.0
hr,Bus,961_merged_9880526,flood_risk,18.0,0.0,11.0
hr,Bus,961_merged_9880526,job_access,26.0,2.0,1.0
hr,Bus,961_merged_9880526,worker_vulnerability,2.0,2.0,25.0
hr,Bus,964,access_to_hospital,0.0,21.0,1.0
hr,Bus,964,flood_risk,10.0,0.0,12.0
hr,Bus,964,job_access,14.0,8.0,0.0
hr,Bus,964,worker_vulnerability,7.0,2.0,13.0
hr,Bus,966_merged_9880513,access_to_hospital,0.0,6.0,0.0
hr,Bus,966_merged_9880513,flood_risk,1.0,0.0,5.0
hr,Bus,966_merged_9880513,job_access,6.0,0.0,0.0
hr,Bus,966_merged_9880513,worker_vulnerability,0.0,1.0,5.0
hr,Bus,966_merged_9880523,access_to_hospital,0.0,6.0,0.0
hr,Bus,966_merged_9880523,flood_risk,1.0,0.0,5.0
hr,Bus,966_merged_9880523,job_access,6.0,0.0,0.0
hr,Bus,966_merged_9880523,worker_vulnerability,0.0,1.0,5.0
hr,Bus,967_merged_9880514,access_to_hospital,0.0,11.0,0.0
hr,Bus,967_merged_9880514,flood_risk,3.0,0.0,8.0
hr,Bus,967_merged_9880514,job_access,9.0,0.0,2.0
hr,Bus,967_merged_9880514,worker_vulnerability,1.0,1.0,9.0
hr,Bus,967_merged_9880524,access_to_hospital,0.0,11.0,0.0
hr,Bus,967_merged_9880524,flood_risk,3.0,0.0,8.0
hr,Bus,967_merged_9880524,job_access,9.0,0.0,2.0
hr,Bus,967_merged_9880524,worker_vulnerability,1.0,1.0,9.0
hr,Bus,972_merged_9880510,access_to_hospital,0.0,8.0,0.0
hr,Bus,972_merged_9880510,flood_risk,1.0,0.0,7.0
hr,Bus,972_merged_9880510,job_access,6.0,0.0,2.0
hr,Bus,972_merged_9880510,worker_vulnerability,0.0,1.0,7.0
hr,Bus,972_merged_9880520,access_to_hospital,0.0,8.0,0.0
hr,Bus,972_merged_9880520,flood_risk,1.0,0.0,7.0
hr,Bus,972_merged_9880520,job_access,6.0,0.0,2.0
hr,Bus,972_merged_9880520,worker_vulnerability,0.0,1.0,7.0
hr,Bus,980_merged_9880508,access_to_hospital,0.0,4.0,3.0
hr,Bus,980_merged_9880508,flood_risk,4.0,0.0,3.0
hr,Bus,980_merged_9880508,job_access,4.0,2.0,1.0
hr,Bus,980_merged_9880508,worker_vulnerability,3.0,0.0,4.0
hr,Bus,980_merged_9880518,access_to_hospital,0.0,4.0,3.0
hr,Bus,980_merged_9880518,flood_risk,4.0,0.0,3.0
hr,Bus,980_merged_9880518,job_access,4.0,2.0,1.0
hr,Bus,980_merged_9880518,worker_vulnerability,3.0,0.0,4.0
hr,Ferry,090,access_to_hospital,0.0,1.0,2.0
hr,Ferry,090,flood_risk,3.0,0.0,0.0
hr,Ferry,090,job_access,3.0,0.0,0.0
hr,Ferry,090,worker_vulnerability,1.0,0.0,2.0
hr,Tram,800,access_to_hospital,2.0,8.0,4.0
hr,Tram,800,flood_risk,14.0,0.0,0.0
hr,Tram,800,job_access,12.0,1.0,1.0
hr,Tram,800,worker_vulnerability,4.0,5.0,5.0
nyc,Bus,B1,access_to_hospital,4.0,45.0,50.0
nyc,Bus,B1,flood_risk,56.0,13.0,30.0
nyc,Bus,B1,job_access,26.0,17.0,56.0
nyc,Bus,B1,worker_vulnerability,50.0,6.0,43.0
nyc,Bus,B100,access_to_hospital,2.0,37.0,21.0
nyc,Bus,B100,flood_risk,36.0,8.0,16.0
nyc,Bus,B100,job_access,3.0,31.0,26.0
nyc,Bus,B100,worker_vulnerability,6.0,15.0,39.0
nyc,Bus,B103,access_to_hospital,21.0,30.0,25.0
nyc,Bus,B103,flood_risk,46.0,20.0,10.0
nyc,Bus,B103,job_access,25.0,29.0,22.0
nyc,Bus,B103,worker_vulnerability,19.0,0.0,57.0
nyc,Bus,B11,access_to_hospital,26.0,28.0,30.0
nyc,Bus,B11,flood_risk,19.0,33.0,32.0
nyc,Bus,B11,job_access,64.0,0.0,20.0
nyc,Bus,B11,worker_vulnerability,83.0,0.0,1.0
nyc,Bus,B12,access_to_hospital,38.0,3.0,25.0
nyc,Bus,B12,flood_risk,28.0,26.0,12.0
nyc,Bus,B12,job_access,33.0,0.0,33.0
nyc,Bus,B12,worker_vulnerability,40.0,0.0,26.0
nyc,Bus,B13,access_to_hospital,9.0,96.0,14.0
nyc,Bus,B13,flood_risk,50.0,37.0,32.0
nyc,Bus,B13,job_access,19.0,44.0,56.0
nyc,Bus,B13,worker_vulnerability,29.0,4.0,86.0
nyc,Bus,B14,access_to_hospital,25.0,30.0,36.0
nyc,Bus,B14,flood_risk,29.0,42.0,20.0
nyc,Bus,B14,job_access,6.0,23.0,62.0
nyc,Bus,B14,worker_vulnerability,58.0,0.0,33.0
nyc,Bus,B15,access_to_hospital,63.0,43.0,37.0
nyc,Bus,B15,flood_risk,60.0,46.0,37.0
nyc,Bus,B15,job_access,9.0,33.0,101.0
nyc,Bus,B15,worker_vulnerability,70.0,2.0,71.0
nyc,Bus,B16,access_to_hospital,1.0,88.0,36.0
nyc,Bus,B16,flood_risk,16.0,58.0,51.0
nyc,Bus,B16,job_access,47.0,27.0,51.0
nyc,Bus,B16,worker_vulnerability,70.0,9.0,46.0
nyc,Bus,B17,access_to_hospital,12.0,55.0,30.0
nyc,Bus,B17,flood_risk,43.0,42.0,12.0
nyc,Bus,B17,job_access,1.0,44.0,52.0
nyc,Bus,B17,worker_vulnerability,13.0,1.0,83.0
nyc,Bus,B2,access_to_hospital,0.0,10.0,32.0
nyc,Bus,B2,flood_risk,14.0,16.0,12.0
nyc,Bus,B2,job_access,9.0,10.0,23.0
nyc,Bus,B2,worker_vulnerability,11.0,0.0,31.0
nyc,Bus,B20,access_to_hospital,27.0,67.0,21.0
nyc,Bus,B20,flood_risk,53.0,27.0,35.0
nyc,Bus,B20,job_access,0.0,21.0,94.0
nyc,Bus,B20,worker_vulnerability,70.0,3.0,42.0
nyc,Bus,B24,access_to_hospital,16.0,36.0,26.0
nyc,Bus,B24,flood_risk,11.0,20.0,47.0
nyc,Bus,B24,job_access,43.0,0.0,35.0
nyc,Bus,B24,worker_vulnerability,13.0,17.0,48.0
nyc,Bus,B25,access_to_hospital,37.0,3.0,39.0
nyc,Bus,B25,flood_risk,23.0,33.0,23.0
nyc,Bus,B25,job_access,38.0,0.0,41.0
nyc,Bus,B25,worker_vulnerability,19.0,0.0,60.0
nyc,Bus,B26,access_to_hospital,26.0,4.0,52.0
nyc,Bus,B26,flood_risk,47.0,28.0,7.0
nyc,Bus,B26,job_access,34.0,0.0,48.0
nyc,Bus,B26,worker_vulnerability,20.0,0.0,62.0
nyc,Bus,B3,access_to_hospital,4.0,79.0,7.0
nyc,Bus,B3,flood_risk,54.0,15.0,21.0
nyc,Bus,B3,job_access,0.0,39.0,51.0
nyc,Bus,B3,worker_vulnerability,20.0,0.0,70.0
nyc,Bus,B31,access_to_hospital,0.0,27.0,20.0
nyc,Bus,B31,flood_risk,29.0,8.0,10.0
nyc,Bus,B31,job_access,9.0,31.0,7.0
nyc,Bus,B31,worker_vulnerability,11.0,11.0,25.0
nyc,Bus,B32,access_to_hospital,9.0,24.0,9.0
nyc,Bus,B32,flood_risk,4.0,2.0,36.0
nyc,Bus,B32,job_access,31.0,0.0,11.0
nyc,Bus,B32,worker_vulnerability,15.0,10.0,17.0
nyc,Bus,B35,access_to_hospital,21.0,26.0,48.0
nyc,Bus,B35,flood_risk,24.0,41.0,30.0
nyc,Bus,B35,job_access,44.0,0.0,51.0
nyc,Bus,B35,worker_vulnerability,51.0,0.0,44.0
nyc,Bus,B36,access_to_hospital,27.0,26.0,30.0
nyc,Bus,B36,flood_risk,74.0,3.0,6.0
nyc,Bus,B36,job_access,26.0,31.0,26.0
nyc,Bus,B36,worker_vulnerability,68.0,1.0,14.0
nyc,Bus,B37,access_to_hospital,14.0,42.0,27.0
nyc,Bus,B37,flood_risk,9.0,32.0,42.0
nyc,Bus,B37,job_access,50.0,5.0,28.0
nyc,Bus,B37,worker_vulnerability,26.0,2.0,55.0
nyc,Bus,B38,access_to_hospital,35.0,5.0,44.0
nyc,Bus,B38,flood_risk,15.0,47.0,22.0
nyc,Bus,B38,job_access,52.0,0.0,32.0
nyc,Bus,B38,worker_vulnerability,30.0,0.0,54.0
nyc,Bus,B39,access_to_hospital,0.0,0.0,7.0
nyc,Bus,B39,flood_risk,0.0,7.0,0.0
nyc,Bus,B39,job_access,7.0,0.0,0.0
nyc,Bus,B39,worker_vulnerability,3.0,0.0,4.0
nyc,Bus,B4,access_to_hospital,8.0,77.0,43.0
nyc,Bus,B4,flood_risk,67.0,19.0,42.0
nyc,Bus,B4,job_access,45.0,18.0,65.0
nyc,Bus,B4,worker_vulnerability,75.0,2.0,51.0
nyc,Bus,B41,access_to_hospital,33.0,31.0,43.0
nyc,Bus,B41,flood_risk,51.0,24.0,32.0
nyc,Bus,B41,job_access,24.0,15.0,68.0
nyc,Bus,B41,worker_vulnerability,27.0,0.0,80.0
nyc,Bus,B42,access_to_hospital,0.0,20.0,0.0
nyc,Bus,B42,flood_risk,8.0,12.0,0.0
nyc,Bus,B42,job_access,0.0,16.0,4.0
nyc,Bus,B42,worker_vulnerability,0.0,0.0,20.0
nyc,Bus,B43,access_to_hospital,71.0,2.0,30.0
nyc,Bus,B43,flood_risk,16.0,44.0,43.0
nyc,Bus,B43,job_access,44.0,0.0,59.0
nyc,Bus,B43,worker_vulnerability,48.0,15.0,40.0
nyc,Bus,B44,access_to_hospital,52.0,37.0,48.0
nyc,Bus,B44,flood_risk,46.0,55.0,36.0
nyc,Bus,B44,job_access,34.0,19.0,84.0
nyc,Bus,B44,worker_vulnerability,45.0,0.0,92.0
nyc,Bus,B44+,access_to_hospital,10.0,12.0,18.0
nyc,Bus,B44+,flood_risk,10.0,19.0,11.0
nyc,Bus,B44+,job_access,14.0,4.0,22.0
nyc,Bus,B44+,worker_vulnerability,18.0,0.0,22.0
nyc,Bus,B45,access_to_hospital,51.0,0.0,12.0
nyc,Bus,B45,flood_risk,0.0,59.0,4.0
nyc,Bus,B45,job_access,27.0,1.0,35.0
nyc,Bus,B45,worker_vulnerability,29.0,0.0,34.0
nyc,Bus,B46,access_to_hospital,47.0,13.0,48.0
nyc,Bus,B46,flood_risk,40.0,38.0,30.0
nyc,Bus,B46,job_access,23.0,13.0,72.0
nyc,Bus,B46,worker_vulnerability,53.0,0.0,55.0
nyc,Bus,B46+,access_to_hospital,11.0,3.0,13.0
nyc,Bus,B46+,flood_risk,12.0,10.0,5.0
nyc,Bus,B46+,job_access,0.0,2.0,25.0
nyc,Bus,B46+,worker_vulnerability,10.0,0.0,17.0
nyc,Bus,B47,access_to_hospital,50.0,19.0,46.0
nyc,Bus,B47,flood_risk,46.0,33.0,36.0
nyc,Bus,B47,job_access,8.0,21.0,86.0
nyc,Bus,B47,worker_vulnerability,55.0,0.0,60.0
nyc,Bus,B48,access_to_hospital,25.0,13.0,51.0
nyc,Bus,B48,flood_risk,17.0,30.0,42.0
nyc,Bus,B48,job_access,52.0,1.0,36.0
nyc,Bus,B48,worker_vulnerability,28.0,13.0,48.0
nyc,Bus,B49,access_to_hospital,31.0,36.0,65.0
nyc,Bus,B49,flood_risk,53.0,53.0,26.0
nyc,Bus,B49,job_access,49.0,8.0,75.0
nyc,Bus,B49,worker_vulnerability,93.0,0.0,39.0
nyc,Bus,B52,access_to_hospital,32.0,0.0,40.0
nyc,Bus,B52,flood_risk,25.0,36.0,11.0
nyc,Bus,B52,job_access,35.0,0.0,37.0
nyc,Bus,B52,worker_vulnerability,20.0,0.0,52.0
nyc,Bus,B54,access_to_hospital,32.0,3.0,32.0
nyc,Bus,B54,flood_risk,15.0,33.0,19.0
nyc,Bus,B54,job_access,57.0,1.0,9.0
nyc,Bus,B54,worker_vulnerability,35.0,0.0,32.0
nyc,Bus,B57,access_to_hospital,38.0,10.0,59.0
nyc,Bus,B57,flood_risk,32.0,48.0,27.0
nyc,Bus,B57,job_access,67.0,2.0,38.0
nyc,Bus,B57,worker_vulnerability,36.0,2.0,69.0
nyc,Bus,B6,access_to_hospital,37.0,82.0,39.0
nyc,Bus,B6,flood_risk,73.0,44.0,41.0
nyc,Bus,B6,job_access,6.0,33.0,119.0
nyc,Bus,B6,worker_vulnerability,96.0,0.0,62.0
nyc,Bus,B60,access_to_hospital,32.0,20.0,81.0
nyc,Bus,B60,flood_risk,48.0,46.0,39.0
nyc,Bus,B60,job_access,55.0,8.0,70.0
nyc,Bus,B60,worker_vulnerability,106.0,0.0,27.0
nyc,Bus,B61,access_to_hospital,46.0,5.0,33.0
nyc,Bus,B61,flood_risk,31.0,27.0,26.0
nyc,Bus,B61,job_access,35.0,6.0,43.0
nyc,Bus,B61,worker_vulnerability,0.0,2.0,82.0
nyc,Bus,B62,access_to_hospital,25.0,27.0,42.0
nyc,Bus,B62,flood_risk,14.0,45.0,35.0
nyc,Bus,B62,job_access,81.0,1.0,12.0
nyc,Bus,B62,worker_vulnerability,29.0,14.0,51.0
nyc,Bus,B63,access_to_hospital,34.0,48.0,31.0
nyc,Bus,B63,flood_risk,7.0,57.0,49.0
nyc,Bus,B63,job_access,64.0,6.0,43.0
nyc,Bus,B63,worker_vulnerability,26.0,3.0,84.0
nyc,Bus,B64,access_to_hospital,16.0,49.0,36.0
nyc,Bus,B64,flood_risk,40.0,24.0,37.0
nyc,Bus,B64,job_access,10.0,41.0,50.0
nyc,Bus,B64,worker_vulnerability,35.0,8.0,58.0
nyc,Bus,B65,access_to_hospital,60.0,0.0,5.0
nyc,Bus,B65,flood_risk,0.0,46.0,19.0
nyc,Bus,B65,job_access,32.0,0.0,33.0
nyc,Bus,B65,worker_vulnerability,26.0,0.0,39.0
nyc,Bus,B67,access_to_hospital,36.0,30.0,20.0
nyc,Bus,B67,flood_risk,10.0,53.0,23.0
nyc,Bus,B67,job_access,69.0,7.0,10.0
nyc,Bus,B67,worker_vulnerability,19.0,0.0,67.0
nyc,Bus,B68,access_to_hospital,5.0,43.0,54.0
nyc,Bus,B68,flood_risk,59.0,11.0,32.0
nyc,Bus,B68,job_access,59.0,7.0,36.0
nyc,Bus,B68,worker_vulnerability,93.0,0.0,9.0
nyc,Bus,B69,access_to_hospital,38.0,23.0,30.0
nyc,Bus,B69,flood_risk,11.0,62.0,18.0
nyc,Bus,B69,job_access,68.0,5.0,18.0
nyc,Bus,B69,worker_vulnerability,14.0,0.0,77.0
nyc,Bus,B7,access_to_hospital,58.0,4.0,51.0
nyc,Bus,B7,flood_risk,55.0,30.0,28.0
nyc,Bus,B7,job_access,15.0,2.0,96.0
nyc,Bus,B7,worker_vulnerability,47.0,0.0,66.0
nyc,Bus,B70,access_to_hospital,13.0,35.0,25.0
nyc,Bus,B70,flood_risk,10.0,24.0,39.0
nyc,Bus,B70,job_access,29.0,8.0,36.0
nyc,Bus,B70,worker_vulnerability,41.0,8.0,24.0
nyc,Bus,B74,access_to_hospital,17.0,0.0,12.0
nyc,Bus,B74,flood_risk,29.0,0.0,0.0
nyc,Bus,B74,job_access,0.0,19.0,10.0
nyc,Bus,B74,worker_vulnerability,29.0,0.0,0.0
nyc,Bus,B8,access_to_hospital,43.0,37.0,75.0
nyc,Bus,B8,flood_risk,52.0,49.0,54.0
nyc,Bus,B8,job_access,35.0,34.0,86.0
nyc,Bus,B8,worker_vulnerability,70.0,9.0,76.0
nyc,Bus,B82,access_to_hospital,51.0,58.0,42.0
nyc,Bus,B82,flood_risk,71.0,43.0,37.0
nyc,Bus,B82,job_access,23.0,41.0,87.0
nyc,Bus,B82,worker_vulnerability,81.0,0.0,70.0
nyc,Bus,B82+,access_to_hospital,16.0,20.0,10.0
nyc,Bus,B82+,flood_risk,20.0,14.0,12.0
nyc,Bus,B82+,job_access,8.0,10.0,28.0
nyc,Bus,B82+,worker_vulnerability,24.0,0.0,22.0
nyc,Bus,B83,access_to_hospital,11.0,31.0,17.0
nyc,Bus,B83,flood_risk,26.0,14.0,19.0
nyc,Bus,B83,job_access,0.0,17.0,42.0
nyc,Bus,B83,worker_vulnerability,50.0,0.0,9.0
nyc,Bus,B84,access_to_hospital,0.0,26.0,0.0
nyc,Bus,B84,flood_risk,24.0,0.0,2.0
nyc,Bus,B84,job_access,0.0,17.0,9.0
nyc,Bus,B84,worker_vulnerability,13.0,0.0,13.0
nyc,Bus,B9,access_to_hospital,18.0,40.0,53.0
nyc,Bus,B9,flood_risk,44.0,35.0,32.0
nyc,Bus,B9,job_access,59.0,12.0,40.0
nyc,Bus,B9,worker_vulnerability,70.0,0.0,41.0
nyc,Bus,BM1,access_to_hospital,21.0,38.0,30.0
nyc,Bus,BM1,flood_risk,54.0,29.0,6.0
nyc,Bus,BM1,job_access,34.0,30.0,25.0
nyc,Bus,BM1,worker_vulnerability,16.0,44.0,29.0
nyc,Bus,BM2,access_to_hospital,25.0,42.0,25.0
nyc,Bus,BM2,flood_risk,54.0,23.0,15.0
nyc,Bus,BM2,job_access,30.0,37.0,25.0
nyc,Bus,BM2,worker_vulnerability,20.0,29.0,43.0
nyc,Bus,BM3,access_to_hospital,18.0,44.0,28.0
nyc,Bus,BM3,flood_risk,40.0,33.0,17.0
nyc,Bus,BM3,job_access,53.0,13.0,24.0
nyc,Bus,BM3,worker_vulnerability,46.0,29.0,15.0
nyc,Bus,BM4,access_to_hospital,24.0,33.0,26.0
nyc,Bus,BM4,flood_risk,36.0,40.0,7.0
nyc,Bus,BM4,job_access,43.0,18.0,22.0
nyc,Bus,BM4,worker_vulnerability,26.0,34.0,23.0
nyc,Bus,BM5,access_to_hospital,3.0,41.0,10.0
nyc,Bus,BM5,flood_risk,24.0,16.0,14.0
nyc,Bus,BM5,job_access,17.0,15.0,22.0
nyc,Bus,BM5,worker_vulnerability,21.0,23.0,10.0
nyc,Bus,BX1,access_to_hospital,59.0,5.0,24.0
nyc,Bus,BX1,flood_risk,36.0,41.0,11.0
nyc,Bus,BX1,job_access,51.0,1.0,36.0
nyc,Bus,BX1,worker_vulnerability,88.0,0.0,0.0
nyc,Bus,BX10,access_to_hospital,24.0,23.0,33.0
nyc,Bus,BX10,flood_risk,34.0,24.0,22.0
nyc,Bus,BX10,job_access,19.0,31.0,30.0
nyc,Bus,BX10,worker_vulnerability,78.0,0.0,2.0
nyc,Bus,BX11,access_to_hospital,39.0,0.0,15.0
nyc,Bus,BX11,flood_risk,22.0,14.0,18.0
nyc,Bus,BX11,job_access,1.0,4.0,49.0
nyc,Bus,BX11,worker_vulnerability,54.0,0.0,0.0
nyc,Bus,BX12,access_to_hospital,34.0,7.0,18.0
nyc,Bus,BX12,flood_risk,32.0,13.0,14.0
nyc,Bus,BX12,job_access,22.0,12.0,25.0
nyc,Bus,BX12,worker_vulnerability,59.0,0.0,0.0
nyc,Bus,BX12+,access_to_hospital,17.0,6.0,13.0
nyc,Bus,BX12+,flood_risk,21.0,8.0,7.0
nyc,Bus,BX12+,job_access,12.0,8.0,16.0
nyc,Bus,BX12+,worker_vulnerability,36.0,0.0,0.0
nyc,Bus,BX13,access_to_hospital,23.0,0.0,19.0
nyc,Bus,BX13,flood_risk,19.0,10.0,13.0
nyc,Bus,BX13,job_access,19.0,0.0,23.0
nyc,Bus,BX13,worker_vulnerability,42.0,0.0,0.0
nyc,Bus,BX15,access_to_hospital,24.0,0.0,9.0
nyc,Bus,BX15,flood_risk,16.0,4.0,13.0
nyc,Bus,BX15,job_access,22.0,0.0,11.0
nyc,Bus,BX15,worker_vulnerability,33.0,0.0,0.0
nyc,Bus,BX16,access_to_hospital,16.0,39.0,16.0
nyc,Bus,BX16,flood_risk,35.0,27.0,9.0
nyc,Bus,BX16,job_access,12.0,38.0,21.0
nyc,Bus,BX16,worker_vulnerability,64.0,0.0,7.0
nyc,Bus,BX17,access_to_hospital,43.0,0.0,24.0
nyc,Bus,BX17,flood_risk,14.0,26.0,27.0
nyc,Bus,BX17,job_access,38.0,0.0,29.0
nyc,Bus,BX17,worker_vulnerability,67.0,0.0,0.0
nyc,Bus,BX18A,access_to_hospital,9.0,0.0,12.0
nyc,Bus,BX18A,flood_risk,5.0,7.0,9.0
nyc,Bus,BX18A,job_access,0.0,4.0,17.0
nyc,Bus,BX18A,worker_vulnerability,21.0,0.0,0.0
nyc,Bus,BX18B,access_to_hospital,11.0,0.0,11.0
nyc,Bus,BX18B,flood_risk,5.0,11.0,6.0
nyc,Bus,BX18B,job_access,0.0,5.0,17.0
nyc,Bus,BX18B,worker_vulnerability,22.0,0.0,0.0
nyc,Bus,BX19,access_to_hospital,44.0,0.0,35.0
nyc,Bus,BX19,flood_risk,31.0,16.0,32.0
nyc,Bus,BX19,job_access,33.0,4.0,42.0
nyc,Bus,BX19,worker_vulnerability,79.0,0.0,0.0
nyc,Bus,BX2,access_to_hospital,63.0,5.0,29.0
nyc,Bus,BX2,flood_risk,36.0,42.0,19.0
nyc,Bus,BX2,job_access,60.0,0.0,37.0
nyc,Bus,BX2,worker_vulnerability,97.0,0.0,0.0
nyc,Bus,BX20,access_to_hospital,19.0,3.0,19.0
nyc,Bus,BX20,flood_risk,13.0,14.0,14.0
nyc,Bus,BX20,job_access,0.0,12.0,29.0
nyc,Bus,BX20,worker_vulnerability,41.0,0.0,0.0
nyc,Bus,BX21,access_to_hospital,35.0,0.0,36.0
nyc,Bus,BX21,flood_risk,27.0,20.0,24.0
nyc,Bus,BX21,job_access,42.0,1.0,28.0
nyc,Bus,BX21,worker_vulnerability,71.0,0.0,0.0
nyc,Bus,BX22,access_to_hospital,33.0,0.0,42.0
nyc,Bus,BX22,flood_risk,30.0,31.0,14.0
nyc,Bus,BX22,job_access,20.0,10.0,45.0
nyc,Bus,BX22,worker_vulnerability,75.0,0.0,0.0
nyc,Bus,BX23,access_to_hospital,4.0,43.0,0.0
nyc,Bus,BX23,flood_risk,46.0,0.0,1.0
nyc,Bus,BX23,job_access,0.0,28.0,19.0
nyc,Bus,BX23,worker_vulnerability,47.0,0.0,0.0
nyc,Bus,BX24,access_to_hospital,20.0,11.0,13.0
nyc,Bus,BX24,flood_risk,27.0,12.0,5.0
nyc,Bus,BX24,job_access,8.0,28.0,8.0
nyc,Bus,BX24,worker_vulnerability,44.0,0.0,0.0
nyc,Bus,BX25,access_to_hospital,2.0,35.0,30.0
nyc,Bus,BX25,flood_risk,43.0,13.0,11.0
nyc,Bus,BX25,job_access,0.0,26.0,41.0
nyc,Bus,BX25,worker_vulnerability,67.0,0.0,0.0
nyc,Bus,BX26,access_to_hospital,2.0,30.0,30.0
nyc,Bus,BX26,flood_risk,38.0,13.0,11.0
nyc,Bus,BX26,job_access,0.0,20.0,42.0
nyc,Bus,BX26,worker_vulnerability,62.0,0.0,0.0
nyc,Bus,BX27,access_to_hospital,21.0,4.0,20.0
nyc,Bus,BX27,flood_risk,21.0,19.0,5.0
nyc,Bus,BX27,job_access,2.0,21.0,22.0
nyc,Bus,BX27,worker_vulnerability,45.0,0.0,0.0
nyc,Bus,BX28,access_to_hospital,29.0,61.0,12.0
nyc,Bus,BX28,flood_risk,60.0,30.0,12.0
nyc,Bus,BX28,job_access,29.0,39.0,34.0
nyc,Bus,BX28,worker_vulnerability,102.0,0.0,0.0
nyc,Bus,BX29,access_to_hospital,4.0,20.0,0.0
nyc,Bus,BX29,flood_risk,24.0,0.0,0.0
nyc,Bus,BX29,job_access,0.0,24.0,0.0
nyc,Bus,BX29,worker_vulnerability,20.0,0.0,4.0
nyc,Bus,BX3,access_to_hospital,29.0,12.0,9.0
nyc,Bus,BX3,flood_risk,16.0,21.0,13.0
nyc,Bus,BX3,job_access,9.0,2.0,39.0
nyc,Bus,BX3,worker_vulnerability,50.0,0.0,0.0
nyc,Bus,BX30,access_to_hospital,3.0,70.0,8.0
nyc,Bus,BX30,flood_risk,60.0,10.0,11.0
nyc,Bus,BX30,job_access,0.0,40.0,41.0
nyc,Bus,BX30,worker_vulnerability,81.0,0.0,0.0
nyc,Bus,BX31,access_to_hospital,28.0,24.0,19.0
nyc,Bus,BX31,flood_risk,26.0,25.0,20.0
nyc,Bus,BX31,job_access,18.0,35.0,18.0
nyc,Bus,BX31,worker_vulnerability,71.0,0.0,0.0
nyc,Bus,BX32,access_to_hospital,56.0,0.0,6.0
nyc,Bus,BX32,flood_risk,27.0,17.0,18.0
nyc,Bus,BX32,job_access,41.0,0.0,21.0
nyc,Bus,BX32,worker_vulnerability,62.0,0.0,0.0
nyc,Bus,BX33,access_to_hospital,16.0,0.0,13.0
nyc,Bus,BX33,flood_risk,14.0,10.0,5.0
nyc,Bus,BX33,job_access,16.0,4.0,9.0
nyc,Bus,BX33,worker_vulnerability,29.0,0.0,0.0
nyc,Bus,BX34,access_to_hospital,20.0,2.0,22.0
nyc,Bus,BX34,flood_risk,10.0,23.0,11.0
nyc,Bus,BX34,job_access,22.0,12.0,10.0
nyc,Bus,BX34,worker_vulnerability,44.0,0.0,0.0
nyc,Bus,BX35,access_to_hospital,36.0,0.0,9.0
nyc,Bus,BX35,flood_risk,11.0,22.0,12.0
nyc,Bus,BX35,job_access,19.0,0.0,26.0
nyc,Bus,BX35,worker_vulnerability,45.0,0.0,0.0
nyc,Bus,BX36,access_to_hospital,44.0,0.0,29.0
nyc,Bus,BX36,flood_risk,29.0,23.0,21.0
nyc,Bus,BX36,job_access,14.0,4.0,55.0
nyc,Bus,BX36,worker_vulnerability,73.0,0.0,0.0
nyc,Bus,BX38,access_to_hospital,28.0,48.0,11.0
nyc,Bus,BX38,flood_risk,47.0,29.0,11.0
nyc,Bus,BX38,job_access,27.0,33.0,27.0
nyc,Bus,BX38,worker_vulnerability,87.0,0.0,0.0
nyc,Bus,BX39,access_to_hospital,28.0,15.0,42.0
nyc,Bus,BX39,flood_risk,26.0,32.0,27.0
nyc,Bus,BX39,job_access,0.0,27.0,58.0
nyc,Bus,BX39,worker_vulnerability,85.0,0.0,0.0
nyc,Bus,BX4,access_to_hospital,37.0,0.0,17.0
nyc,Bus,BX4,flood_risk,21.0,14.0,19.0
nyc,Bus,BX4,job_access,29.0,2.0,23.0
nyc,Bus,BX4,worker_vulnerability,54.0,0.0,0.0
nyc,Bus,BX40,access_to_hospital,32.0,27.0,22.0
nyc,Bus,BX40,flood_risk,35.0,17.0,29.0
nyc,Bus,BX40,job_access,27.0,35.0,19.0
nyc,Bus,BX40,worker_vulnerability,69.0,0.0,12.0
nyc,Bus,BX41,access_to_hospital,32.0,0.0,24.0
nyc,Bus,BX41,flood_risk,36.0,3.0,17.0
nyc,Bus,BX41,job_access,36.0,3.0,17.0
nyc,Bus,BX41,worker_vulnerability,56.0,0.0,0.0
nyc,Bus,BX41+,access_to_hospital,12.0,0.0,12.0
nyc,Bus,BX41+,flood_risk,12.0,3.0,9.0
nyc,Bus,BX41+,job_access,14.0,2.0,8.0
nyc,Bus,BX41+,worker_vulnerability,24.0,0.0,0.0
nyc,Bus,BX42,access_to_hospital,31.0,35.0,19.0
nyc,Bus,BX42,flood_risk,41.0,17.0,27.0
nyc,Bus,BX42,job_access,25.0,42.0,18.0
nyc,Bus,BX42,worker_vulnerability,74.0,0.0,11.0
nyc,Bus,BX46,access_to_hospital,10.0,10.0,6.0
nyc,Bus,BX46,flood_risk,19.0,1.0,6.0
nyc,Bus,BX46,job_access,11.0,1.0,14.0
nyc,Bus,BX46,worker_vulnerability,26.0,0.0,0.0
nyc,Bus,BX4A,access_to_hospital,30.0,0.0,10.0
nyc,Bus,BX4A,flood_risk,10.0,19.0,11.0
nyc,Bus,BX4A,job_access,13.0,2.0,25.0
nyc,Bus,BX4A,worker_vulnerability,40.0,0.0,0.0
nyc,Bus,BX5,access_to_hospital,21.0,14.0,33.0
nyc,Bus,BX5,flood_risk,31.0,19.0,18.0
nyc,Bus,BX5,job_access,6.0,35.0,27.0
nyc,Bus,BX5,worker_vulnerability,68.0,0.0,0.0
nyc,Bus,BX6,access_to_hospital,33.0,8.0,16.0
nyc,Bus,BX6,flood_risk,35.0,15.0,7.0
nyc,Bus,BX6,job_access,32.0,1.0,24.0
nyc,Bus,BX6,worker_vulnerability,57.0,0.0,0.0
nyc,Bus,BX6+,access_to_hospital,20.0,7.0,8.0
nyc,Bus,BX6+,flood_risk,24.0,8.0,3.0
nyc,Bus,BX6+,job_access,20.0,1.0,14.0
nyc,Bus,BX6+,worker_vulnerability,35.0,0.0,0.0
nyc,Bus,BX7,access_to_hospital,31.0,19.0,23.0
nyc,Bus,BX7,flood_risk,37.0,26.0,10.0
nyc,Bus,BX7,job_access,11.0,16.0,46.0
nyc,Bus,BX7,worker_vulnerability,71.0,0.0,2.0
nyc,Bus,BX8,access_to_hospital,23.0,51.0,18.0
nyc,Bus,BX8,flood_risk,38.0,31.0,23.0
nyc,Bus,BX8,job_access,12.0,52.0,28.0
nyc,Bus,BX8,worker_vulnerability,76.0,0.0,16.0
nyc,Bus,BX9,access_to_hospital,21.0,21.0,29.0
nyc,Bus,BX9,flood_risk,44.0,22.0,5.0
nyc,Bus,BX9,job_access,15.0,19.0,37.0
nyc,Bus,BX9,worker_vulnerability,67.0,0.0,4.0
nyc,Bus,BXM1,access_to_hospital,18.0,17.0,23.0
nyc,Bus,BXM1,flood_risk,14.0,23.0,21.0
nyc,Bus,BXM1,job_access,19.0,21.0,18.0
nyc,Bus,BXM1,worker_vulnerability,38.0,12.0,8.0
nyc,Bus,BXM10,access_to_hospital,8.0,12.0,18.0
nyc,Bus,BXM10,flood_risk,9.0,19.0,10.0
nyc,Bus,BXM10,job_access,26.0,6.0,6.0
nyc,Bus,BXM10,worker_vulnerability,24.0,12.0,2.0
nyc,Bus,BXM11,access_to_hospital,11.0,10.0,20.0
nyc,Bus,BXM11,flood_risk,11.0,22.0,8.0
nyc,Bus,BXM11,job_access,17.0,6.0,18.0
nyc,Bus,BXM11,worker_vulnerability,24.0,13.0,4.0
nyc,Bus,BXM18,access_to_hospital,14.0,19.0,21.0
nyc,Bus,BXM18,flood_risk,19.0,15.0,20.0
nyc,Bus,BXM18,job_access,22.0,21.0,11.0
nyc,Bus,BXM18,worker_vulnerability,31.0,20.0,3.0
nyc,Bus,BXM2,access_to_hospital,21.0,18.0,15.0
nyc,Bus,BXM2,flood_risk,13.0,23.0,18.0
nyc,Bus,BXM2,job_access,21.0,21.0,12.0
nyc,Bus,BXM2,worker_vulnerability,32.0,11.0,11.0
nyc,Bus,BXM3,access_to_hospital,13.0,33.0,15.0
nyc,Bus,BXM3,flood_risk,29.0,23.0,9.0
nyc,Bus,BXM3,job_access,22.0,18.0,21.0
nyc,Bus,BXM3,worker_vulnerability,37.0,14.0,10.0
nyc,Bus,BXM4,access_to_hospital,34.0,5.0,23.0
nyc,Bus,BXM4,flood_risk,16.0,41.0,5.0
nyc,Bus,BXM4,job_access,45.0,8.0,9.0
nyc,Bus,BXM4,worker_vulnerability,42.0,14.0,6.0
nyc,Bus,BXM6,access_to_hospital,6.0,6.0,10.0
nyc,Bus,BXM6,flood_risk,6.0,12.0,4.0
nyc,Bus,BXM6,job_access,16.0,0.0,6.0
nyc,Bus,BXM6,worker_vulnerability,8.0,12.0,2.0
nyc,Bus,BXM7,access_to_hospital,2.0,20.0,8.0
nyc,Bus,BXM7,flood_risk,18.0,12.0,0.0
nyc,Bus,BXM7,job_access,16.0,11.0,3.0
nyc,Bus,BXM7,worker_vulnerability,16.0,12.0,2.0
nyc,Bus,BXM8,access_to_hospital,5.0,22.0,16.0
nyc,Bus,BXM8,flood_risk,21.0,14.0,8.0
nyc,Bus,BXM8,job_access,16.0,21.0,6.0
nyc,Bus,BXM8,worker_vulnerability,29.0,12.0,2.0
nyc,Bus,BXM9,access_to_hospital,2.0,29.0,8.0
nyc,Bus,BXM9,flood_risk,23.0,12.0,4.0
nyc,Bus,BXM9,job_access,16.0,23.0,0.0
nyc,Bus,BXM9,worker_vulnerability,17.0,12.0,10.0
nyc,Bus,M1,access_to_hospital,77.0,12.0,45.0
nyc,Bus,M1,flood_risk,43.0,70.0,21.0
nyc,Bus,M1,job_access,125.0,0.0,9.0
nyc,Bus,M1,worker_vulnerability,45.0,57.0,32.0
nyc,Bus,M10,access_to_hospital,57.0,2.0,34.0
nyc,Bus,M10,flood_risk,28.0,56.0,9.0
nyc,Bus,M10,job_access,77.0,6.0,10.0
nyc,Bus,M10,worker_vulnerability,51.0,13.0,29.0
nyc,Bus,M100,access_to_hospital,43.0,0.0,23.0
nyc,Bus,M100,flood_risk,31.0,29.0,6.0
nyc,Bus,M100,job_access,21.0,0.0,45.0
nyc,Bus,M100,worker_vulnerability,61.0,0.0,5.0
nyc,Bus,M101,access_to_hospital,99.0,7.0,50.0
nyc,Bus,M101,flood_risk,27.0,102.0,27.0
nyc,Bus,M101,job_access,115.0,0.0,41.0
nyc,Bus,M101,worker_vulnerability,79.0,45.0,32.0
nyc,Bus,M102,access_to_hospital,74.0,7.0,36.0
nyc,Bus,M102,flood_risk,27.0,72.0,18.0
nyc,Bus,M102,job_access,108.0,0.0,9.0
nyc,Bus,M102,worker_vulnerability,47.0,45.0,25.0
nyc,Bus,M103,access_to_hospital,55.0,7.0,47.0
nyc,Bus,M103,flood_risk,21.0,77.0,11.0
nyc,Bus,M103,job_access,109.0,0.0,0.0
nyc,Bus,M103,worker_vulnerability,20.0,47.0,42.0
nyc,Bus,M104,access_to_hospital,44.0,5.0,31.0
nyc,Bus,M104,flood_risk,4.0,57.0,19.0
nyc,Bus,M104,job_access,80.0,0.0,0.0
nyc,Bus,M104,worker_vulnerability,19.0,22.0,39.0
nyc,Bus,M106,access_to_hospital,15.0,0.0,18.0
nyc,Bus,M106,flood_risk,16.0,11.0,6.0
nyc,Bus,M106,job_access,31.0,0.0,2.0
nyc,Bus,M106,worker_vulnerability,27.0,0.0,6.0
nyc,Bus,M11,access_to_hospital,62.0,13.0,47.0
nyc,Bus,M11,flood_risk,13.0,79.0,30.0
nyc,Bus,M11,job_access,110.0,2.0,10.0
nyc,Bus,M11,worker_vulnerability,36.0,40.0,46.0
nyc,Bus,M116,access_to_hospital,21.0,6.0,15.0
nyc,Bus,M116,flood_risk,14.0,20.0,8.0
nyc,Bus,M116,job_access,38.0,0.0,4.0
nyc,Bus,M116,worker_vulnerability,28.0,0.0,14.0
nyc,Bus,M12,access_to_hospital,17.0,12.0,12.0
nyc,Bus,M12,flood_risk,22.0,14.0,5.0
nyc,Bus,M12,job_access,41.0,0.0,0.0
nyc,Bus,M12,worker_vulnerability,0.0,27.0,14.0
nyc,Bus,M125,access_to_hospital,22.0,1.0,18.0
nyc,Bus,M125,flood_risk,20.0,10.0,11.0
nyc,Bus,M125,job_access,40.0,0.0,1.0
nyc,Bus,M125,worker_vulnerability,33.0,0.0,8.0
nyc,Bus,M14A+,access_to_hospital,38.0,0.0,4.0
nyc,Bus,M14A+,flood_risk,7.0,30.0,5.0
nyc,Bus,M14A+,job_access,40.0,0.0,2.0
nyc,Bus,M14A+,worker_vulnerability,10.0,16.0,16.0
nyc,Bus,M14D+,access_to_hospital,36.0,0.0,10.0
nyc,Bus,M14D+,flood_risk,21.0,22.0,3.0
nyc,Bus,M14D+,job_access,40.0,0.0,6.0
nyc,Bus,M14D+,worker_vulnerability,11.0,21.0,14.0
nyc,Bus,M15,access_to_hospital,79.0,8.0,38.0
nyc,Bus,M15,flood_risk,50.0,49.0,26.0
nyc,Bus,M15,job_access,123.0,0.0,2.0
nyc,Bus,M15,worker_vulnerability,29.0,46.0,50.0
nyc,Bus,M15+,access_to_hospital,22.0,4.0,17.0
nyc,Bus,M15+,flood_risk,22.0,16.0,5.0
nyc,Bus,M15+,job_access,43.0,0.0,0.0
nyc,Bus,M15+,worker_vulnerability,10.0,19.0,14.0
nyc,Bus,M2,access_to_hospital,88.0,12.0,46.0
nyc,Bus,M2,flood_risk,32.0,100.0,14.0
nyc,Bus,M2,job_access,118.0,0.0,28.0
nyc,Bus,M2,worker_vulnerability,68.0,54.0,24.0
nyc,Bus,M20,access_to_hospital,22.0,9.0,50.0
nyc,Bus,M20,flood_risk,23.0,39.0,19.0
nyc,Bus,M20,job_access,81.0,0.0,0.0
nyc,Bus,M20,worker_vulnerability,0.0,77.0,4.0
nyc,Bus,M21,access_to_hospital,19.0,2.0,20.0
nyc,Bus,M21,flood_risk,18.0,22.0,1.0
nyc,Bus,M21,job_access,36.0,0.0,5.0
nyc,Bus,M21,worker_vulnerability,13.0,15.0,13.0
nyc,Bus,M22,access_to_hospital,27.0,0.0,16.0
nyc,Bus,M22,flood_risk,19.0,2.0,22.0
nyc,Bus,M22,job_access,40.0,0.0,3.0
nyc,Bus,M22,worker_vulnerability,17.0,14.0,12.0
nyc,Bus,M23+,access_to_hospital,17.0,7.0,7.0
nyc,Bus,M23+,flood_risk,17.0,14.0,0.0
nyc,Bus,M23+,job_access,31.0,0.0,0.0
nyc,Bus,M23+,worker_vulnerability,0.0,26.0,5.0
nyc,Bus,M3,access_to_hospital,105.0,12.0,42.0
nyc,Bus,M3,flood_risk,33.0,108.0,18.0
nyc,Bus,M3,job_access,126.0,0.0,33.0
nyc,Bus,M3,worker_vulnerability,71.0,52.0,36.0
nyc,Bus,M31,access_to_hospital,38.0,5.0,14.0
nyc,Bus,M31,flood_risk,3.0,26.0,28.0
nyc,Bus,M31,job_access,57.0,0.0,0.0
nyc,Bus,M31,worker_vulnerability,9.0,30.0,18.0
nyc,Bus,M34+,access_to_hospital,15.0,13.0,6.0
nyc,Bus,M34+,flood_risk,12.0,14.0,8.0
nyc,Bus,M34+,job_access,34.0,0.0,0.0
nyc,Bus,M34+,worker_vulnerability,0.0,19.0,15.0
nyc,Bus,M34A+,access_to_hospital,12.0,12.0,6.0
nyc,Bus,M34A+,flood_risk,5.0,21.0,4.0
nyc,Bus,M34A+,job_access,30.0,0.0,0.0
nyc,Bus,M34A+,worker_vulnerability,0.0,23.0,7.0
nyc,Bus,M35,access_to_hospital,8.0,2.0,11.0
nyc,Bus,M35,flood_risk,18.0,3.0,0.0
nyc,Bus,M35,job_access,6.0,14.0,1.0
nyc,Bus,M35,worker_vulnerability,10.0,0.0,11.0
nyc,Bus,M4,access_to_hospital,94.0,12.0,48.0
nyc,Bus,M4,flood_risk,42.0,84.0,28.0
nyc,Bus,M4,job_access,115.0,5.0,34.0
nyc,Bus,M4,worker_vulnerability,74.0,32.0,48.0
nyc,Bus,M42,access_to_hospital,0.0,20.0,14.0
nyc,Bus,M42,flood_risk,10.0,12.0,12.0
nyc,Bus,M42,job_access,34.0,0.0,0.0
nyc,Bus,M42,worker_vulnerability,0.0,28.0,6.0
nyc,Bus,M5,access_to_hospital,59.0,18.0,48.0
nyc,Bus,M5,flood_risk,6.0,90.0,29.0
nyc,Bus,M5,job_access,98.0,1.0,26.0
nyc,Bus,M5,worker_vulnerability,63.0,33.0,29.0
nyc,Bus,M50,access_to_hospital,0.0,15.0,17.0
nyc,Bus,M50,flood_risk,18.0,14.0,0.0
nyc,Bus,M50,job_access,32.0,0.0,0.0
nyc,Bus,M50,worker_vulnerability,0.0,24.0,8.0
nyc,Bus,M55,access_to_hospital,26.0,8.0,34.0
nyc,Bus,M55,flood_risk,24.0,32.0,12.0
nyc,Bus,M55,job_access,68.0,0.0,0.0
nyc,Bus,M55,worker_vulnerability,0.0,58.0,10.0
nyc,Bus,M57,access_to_hospital,15.0,5.0,24.0
nyc,Bus,M57,flood_risk,7.0,21.0,16.0
nyc,Bus,M57,job_access,44.0,0.0,0.0
nyc,Bus,M57,worker_vulnerability,0.0,28.0,16.0
nyc,Bus,M60+,access_to_hospital,14.0,12.0,10.0
nyc,Bus,M60+,flood_risk,13.0,16.0,7.0
nyc,Bus,M60+,job_access,21.0,5.0,10.0
nyc,Bus,M60+,worker_vulnerability,10.0,2.0,24.0
nyc,Bus,M66,access_to_hospital,13.0,0.0,13.0
nyc,Bus,M66,flood_risk,1.0,22.0,3.0
nyc,Bus,M66,job_access,26.0,0.0,0.0
nyc,Bus,M66,worker_vulnerability,0.0,14.0,12.0
nyc,Bus,M7,access_to_hospital,70.0,11.0,39.0
nyc,Bus,M7,flood_risk,16.0,94.0,10.0
nyc,Bus,M7,job_access,111.0,0.0,9.0
nyc,Bus,M7,worker_vulnerability,51.0,43.0,26.0
nyc,Bus,M72,access_to_hospital,23.0,0.0,15.0
nyc,Bus,M72,flood_risk,9.0,20.0,9.0
nyc,Bus,M72,job_access,38.0,0.0,0.0
nyc,Bus,M72,worker_vulnerability,0.0,10.0,28.0
nyc,Bus,M79+,access_to_hospital,26.0,0.0,2.0
nyc,Bus,M79+,flood_risk,2.0,18.0,8.0
nyc,Bus,M79+,job_access,28.0,0.0,0.0
nyc,Bus,M79+,worker_vulnerability,2.0,0.0,26.0
nyc,Bus,M8,access_to_hospital,36.0,0.0,7.0
nyc,Bus,M8,flood_risk,15.0,24.0,4.0
nyc,Bus,M8,job_access,40.0,0.0,3.0
nyc,Bus,M8,worker_vulnerability,0.0,26.0,17.0
nyc,Bus,M86+,access_to_hospital,20.0,0.0,11.0
nyc,Bus,M86+,flood_risk,2.0,20.0,9.0
nyc,Bus,M86+,job_access,31.0,0.0,0.0
nyc,Bus,M86+,worker_vulnerability,15.0,0.0,16.0
nyc,Bus,M9,access_to_hospital,38.0,0.0,18.0
nyc,Bus,M9,flood_risk,17.0,23.0,16.0
nyc,Bus,M9,job_access,56.0,0.0,0.0
nyc,Bus,M9,worker_vulnerability,9.0,16.0,31.0
nyc,Bus,M96,access_to_hospital,13.0,0.0,11.0
nyc,Bus,M96,flood_risk,2.0,11.0,11.0
nyc,Bus,M96,job_access,24.0,0.0,0.0
nyc,Bus,M96,worker_vulnerability,16.0,0.0,8.0
nyc,Bus,M98,access_to_hospital,27.0,0.0,8.0
nyc,Bus,M98,flood_risk,4.0,26.0,5.0
nyc,Bus,M98,job_access,22.0,0.0,13.0
nyc,Bus,M98,worker_vulnerability,25.0,2.0,8.0
nyc,Bus,Q06,access_to_hospital,0.0,59.0,9.0
nyc,Bus,Q06,flood_risk,35.0,16.0,17.0
nyc,Bus,Q06,job_access,13.0,33.0,22.0
nyc,Bus,Q06,worker_vulnerability,0.0,34.0,34.0
nyc,Bus,Q07,access_to_hospital,0.0,92.0,1.0
nyc,Bus,Q07,flood_risk,38.0,14.0,41.0
nyc,Bus,Q07,job_access,0.0,66.0,27.0
nyc,Bus,Q07,worker_vulnerability,0.0,31.0,62.0
nyc,Bus,Q08,access_to_hospital,0.0,75.0,22.0
nyc,Bus,Q08,flood_risk,42.0,15.0,40.0
nyc,Bus,Q08,job_access,13.0,28.0,56.0
nyc,Bus,Q08,worker_vulnerability,0.0,21.0,76.0
nyc,Bus,Q09,access_to_hospital,0.0,24.0,19.0
nyc,Bus,Q09,flood_risk,6.0,9.0,28.0
nyc,Bus,Q09,job_access,13.0,24.0,6.0
nyc,Bus,Q09,worker_vulnerability,0.0,8.0,35.0
nyc,Bus,Q1,access_to_hospital,7.0,59.0,17.0
nyc,Bus,Q1,flood_risk,11.0,18.0,54.0
nyc,Bus,Q1,job_access,5.0,72.0,6.0
nyc,Bus,Q1,worker_vulnerability,0.0,74.0,9.0
nyc,Bus,Q10,access_to_hospital,0.0,72.0,4.0
nyc,Bus,Q10,flood_risk,24.0,19.0,33.0
nyc,Bus,Q10,job_access,14.0,31.0,31.0
nyc,Bus,Q10,worker_vulnerability,0.0,1.0,75.0
nyc,Bus,Q100,access_to_hospital,4.0,12.0,4.0
nyc,Bus,Q100,flood_risk,3.0,8.0,9.0
nyc,Bus,Q100,job_access,4.0,5.0,11.0
nyc,Bus,Q100,worker_vulnerability,0.0,6.0,14.0
nyc,Bus,Q101,access_to_hospital,0.0,36.0,13.0
nyc,Bus,Q101,flood_risk,11.0,26.0,12.0
nyc,Bus,Q101,job_access,27.0,1.0,21.0
nyc,Bus,Q101,worker_vulnerability,0.0,18.0,31.0
nyc,Bus,Q102,access_to_hospital,28.0,24.0,23.0
nyc,Bus,Q102,flood_risk,31.0,31.0,13.0
nyc,Bus,Q102,job_access,36.0,20.0,19.0
nyc,Bus,Q102,worker_vulnerability,24.0,0.0,51.0
nyc,Bus,Q103,access_to_hospital,0.0,32.0,20.0
nyc,Bus,Q103,flood_risk,24.0,13.0,15.0
nyc,Bus,Q103,job_access,29.0,4.0,19.0
nyc,Bus,Q103,worker_vulnerability,14.0,0.0,38.0
nyc,Bus,Q104,access_to_hospital,4.0,24.0,18.0
nyc,Bus,Q104,flood_risk,19.0,13.0,14.0
nyc,Bus,Q104,job_access,30.0,0.0,16.0
nyc,Bus,Q104,worker_vulnerability,4.0,0.0,42.0
nyc,Bus,Q11,access_to_hospital,7.0,55.0,31.0
nyc,Bus,Q11,flood_risk,49.0,5.0,39.0
nyc,Bus,Q11,job_access,5.0,60.0,28.0
nyc,Bus,Q11,worker_vulnerability,5.0,62.0,26.0
nyc,Bus,Q110,access_to_hospital,0.0,53.0,17.0
nyc,Bus,Q110,flood_risk,31.0,7.0,32.0
nyc,Bus,Q110,job_access,14.0,43.0,13.0
nyc,Bus,Q110,worker_vulnerability,0.0,52.0,18.0
nyc,Bus,Q111,access_to_hospital,0.0,112.0,5.0
nyc,Bus,Q111,flood_risk,81.0,14.0,22.0
nyc,Bus,Q111,job_access,10.0,75.0,32.0
nyc,Bus,Q111,worker_vulnerability,0.0,103.0,14.0
nyc,Bus,Q112,access_to_hospital,0.0,51.0,15.0
nyc,Bus,Q112,flood_risk,12.0,22.0,32.0
nyc,Bus,Q112,job_access,10.0,18.0,38.0
nyc,Bus,Q112,worker_vulnerability,0.0,31.0,35.0
nyc,Bus,Q113,access_to_hospital,7.0,23.0,7.0
nyc,Bus,Q113,flood_risk,24.0,8.0,5.0
nyc,Bus,Q113,job_access,4.0,14.0,19.0
nyc,Bus,Q113,worker_vulnerability,0.0,19.0,18.0
nyc,Bus,Q114,access_to_hospital,8.0,82.0,23.0
nyc,Bus,Q114,flood_risk,77.0,17.0,19.0
nyc,Bus,Q114,job_access,10.0,53.0,50.0
nyc,Bus,Q114,worker_vulnerability,0.0,66.0,47.0
nyc,Bus,Q12,access_to_hospital,4.0,52.0,14.0
nyc,Bus,Q12,flood_risk,29.0,8.0,33.0
nyc,Bus,Q12,job_access,14.0,31.0,25.0
nyc,Bus,Q12,worker_vulnerability,13.0,33.0,24.0
nyc,Bus,Q13,access_to_hospital,0.0,74.0,19.0
nyc,Bus,Q13,flood_risk,32.0,24.0,37.0
nyc,Bus,Q13,job_access,12.0,47.0,34.0
nyc,Bus,Q13,worker_vulnerability,2.0,56.0,35.0
nyc,Bus,Q15,access_to_hospital,2.0,48.0,15.0
nyc,Bus,Q15,flood_risk,20.0,11.0,34.0
nyc,Bus,Q15,job_access,9.0,44.0,12.0
nyc,Bus,Q15,worker_vulnerability,5.0,38.0,22.0
nyc,Bus,Q15A,access_to_hospital,2.0,52.0,14.0
nyc,Bus,Q15A,flood_risk,17.0,11.0,40.0
nyc,Bus,Q15A,job_access,8.0,48.0,12.0
nyc,Bus,Q15A,worker_vulnerability,4.0,42.0,22.0
nyc,Bus,Q16,access_to_hospital,0.0,86.0,2.0
nyc,Bus,Q16,flood_risk,18.0,7.0,63.0
nyc,Bus,Q16,job_access,8.0,71.0,9.0
nyc,Bus,Q16,worker_vulnerability,2.0,66.0,20.0
nyc,Bus,Q17,access_to_hospital,9.0,59.0,35.0
nyc,Bus,Q17,flood_risk,34.0,8.0,61.0
nyc,Bus,Q17,job_access,24.0,48.0,31.0
nyc,Bus,Q17,worker_vulnerability,11.0,60.0,32.0
nyc,Bus,Q18,access_to_hospital,15.0,57.0,19.0
nyc,Bus,Q18,flood_risk,31.0,24.0,36.0
nyc,Bus,Q18,job_access,16.0,4.0,71.0
nyc,Bus,Q18,worker_vulnerability,6.0,15.0,70.0
nyc,Bus,Q19,access_to_hospital,8.0,43.0,16.0
nyc,Bus,Q19,flood_risk,26.0,19.0,22.0
nyc,Bus,Q19,job_access,6.0,6.0,55.0
nyc,Bus,Q19,worker_vulnerability,9.0,0.0,58.0
nyc,Bus,Q2,access_to_hospital,0.0,50.0,17.0
nyc,Bus,Q2,flood_risk,14.0,6.0,47.0
nyc,Bus,Q2,job_access,5.0,56.0,6.0
nyc,Bus,Q2,worker_vulnerability,0.0,58.0,9.0
nyc,Bus,Q20A,access_to_hospital,16.0,66.0,37.0
nyc,Bus,Q20A,flood_risk,35.0,39.0,45.0
nyc,Bus,Q20A,job_access,43.0,11.0,65.0
nyc,Bus,Q20A,worker_vulnerability,25.0,27.0,67.0
nyc,Bus,Q20B,access_to_hospital,16.0,72.0,37.0
nyc,Bus,Q20B,flood_risk,42.0,39.0,44.0
nyc,Bus,Q20B,job_access,43.0,11.0,71.0
nyc,Bus,Q20B,worker_vulnerability,25.0,27.0,73.0
nyc,Bus,Q21,access_to_hospital,8.0,59.0,30.0
nyc,Bus,Q21,flood_risk,63.0,5.0,29.0
nyc,Bus,Q21,job_access,5.0,65.0,27.0
nyc,Bus,Q21,worker_vulnerability,12.0,53.0,32.0
nyc,Bus,Q22,access_to_hospital,14.0,75.0,4.0
nyc,Bus,Q22,flood_risk,86.0,3.0,4.0
nyc,Bus,Q22,job_access,0.0,82.0,11.0
nyc,Bus,Q22,worker_vulnerability,0.0,23.0,70.0
nyc,Bus,Q23,access_to_hospital,10.0,64.0,24.0
nyc,Bus,Q23,flood_risk,33.0,29.0,36.0
nyc,Bus,Q23,job_access,30.0,11.0,57.0
nyc,Bus,Q23,worker_vulnerability,38.0,8.0,52.0
nyc,Bus,Q24,access_to_hospital,35.0,63.0,33.0
nyc,Bus,Q24,flood_risk,40.0,45.0,46.0
nyc,Bus,Q24,job_access,18.0,9.0,104.0
nyc,Bus,Q24,worker_vulnerability,59.0,18.0,54.0
nyc,Bus,Q25,access_to_hospital,11.0,61.0,40.0
nyc,Bus,Q25,flood_risk,46.0,36.0,30.0
nyc,Bus,Q25,job_access,32.0,21.0,59.0
nyc,Bus,Q25,worker_vulnerability,9.0,24.0,79.0
nyc,Bus,Q26,access_to_hospital,15.0,23.0,17.0
nyc,Bus,Q26,flood_risk,29.0,8.0,18.0
nyc,Bus,Q26,job_access,14.0,29.0,12.0
nyc,Bus,Q26,worker_vulnerability,9.0,31.0,15.0
nyc,Bus,Q27,access_to_hospital,13.0,123.0,19.0
nyc,Bus,Q27,flood_risk,42.0,17.0,96.0
nyc,Bus,Q27,job_access,16.0,115.0,24.0
nyc,Bus,Q27,worker_vulnerability,11.0,111.0,33.0
nyc,Bus,Q28,access_to_hospital,0.0,54.0,19.0
nyc,Bus,Q28,flood_risk,23.0,18.0,32.0
nyc,Bus,Q28,job_access,9.0,46.0,18.0
nyc,Bus,Q28,worker_vulnerability,2.0,48.0,23.0
nyc,Bus,Q29,access_to_hospital,18.0,24.0,11.0
nyc,Bus,Q29,flood_risk,15.0,15.0,23.0
nyc,Bus,Q29,job_access,27.0,20.0,6.0
nyc,Bus,Q29,worker_vulnerability,10.0,23.0,20.0
nyc,Bus,Q3,access_to_hospital,0.0,93.0,17.0
nyc,Bus,Q3,flood_risk,67.0,2.0,41.0
nyc,Bus,Q3,job_access,5.0,79.0,26.0
nyc,Bus,Q3,worker_vulnerability,0.0,83.0,27.0
nyc,Bus,Q30,access_to_hospital,0.0,94.0,16.0
nyc,Bus,Q30,flood_risk,33.0,8.0,69.0
nyc,Bus,Q30,job_access,17.0,53.0,40.0
nyc,Bus,Q30,worker_vulnerability,0.0,90.0,20.0
nyc,Bus,Q31,access_to_hospital,0.0,105.0,16.0
nyc,Bus,Q31,flood_risk,45.0,18.0,58.0
nyc,Bus,Q31,job_access,20.0,51.0,50.0
nyc,Bus,Q31,worker_vulnerability,0.0,91.0,30.0
nyc,Bus,Q32,access_to_hospital,14.0,45.0,29.0
nyc,Bus,Q32,flood_risk,6.0,58.0,24.0
nyc,Bus,Q32,job_access,80.0,0.0,8.0
nyc,Bus,Q32,worker_vulnerability,25.0,34.0,29.0
nyc,Bus,Q33,access_to_hospital,11.0,22.0,7.0
nyc,Bus,Q33,flood_risk,8.0,22.0,10.0
nyc,Bus,Q33,job_access,13.0,0.0,27.0
nyc,Bus,Q33,worker_vulnerability,15.0,0.0,25.0
nyc,Bus,Q34,access_to_hospital,11.0,43.0,40.0
nyc,Bus,Q34,flood_risk,24.0,36.0,34.0
nyc,Bus,Q34,job_access,33.0,13.0,48.0
nyc,Bus,Q34,worker_vulnerability,9.0,21.0,64.0
nyc,Bus,Q35,access_to_hospital,2.0,50.0,4.0
nyc,Bus,Q35,flood_risk,54.0,0.0,2.0
nyc,Bus,Q35,job_access,0.0,48.0,8.0
nyc,Bus,Q35,worker_vulnerability,2.0,40.0,14.0
nyc,Bus,Q36,access_to_hospital,10.0,87.0,38.0
nyc,Bus,Q36,flood_risk,56.0,10.0,69.0
nyc,Bus,Q36,job_access,5.0,109.0,21.0
nyc,Bus,Q36,worker_vulnerability,0.0,126.0,9.0
nyc,Bus,Q37,access_to_hospital,0.0,60.0,0.0
nyc,Bus,Q37,flood_risk,12.0,11.0,37.0
nyc,Bus,Q37,job_access,7.0,20.0,33.0
nyc,Bus,Q37,worker_vulnerability,0.0,8.0,52.0
nyc,Bus,Q38,access_to_hospital,7.0,70.0,32.0
nyc,Bus,Q38,flood_risk,49.0,3.0,57.0
nyc,Bus,Q38,job_access,42.0,56.0,11.0
nyc,Bus,Q38,worker_vulnerability,7.0,55.0,47.0
nyc,Bus,Q39,access_to_hospital,0.0,93.0,0.0
nyc,Bus,Q39,flood_risk,35.0,22.0,36.0
nyc,Bus,Q39,job_access,33.0,0.0,60.0
nyc,Bus,Q39,worker_vulnerability,15.0,1.0,77.0
nyc,Bus,Q4,access_to_hospital,0.0,71.0,2.0
nyc,Bus,Q4,flood_risk,35.0,3.0,35.0
nyc,Bus,Q4,job_access,9.0,60.0,4.0
nyc,Bus,Q4,worker_vulnerability,0.0,62.0,11.0
nyc,Bus,Q40,access_to_hospital,0.0,35.0,11.0
nyc,Bus,Q40,flood_risk,8.0,4.0,34.0
nyc,Bus,Q40,job_access,7.0,33.0,6.0
nyc,Bus,Q40,worker_vulnerability,0.0,11.0,35.0
nyc,Bus,Q41,access_to_hospital,9.0,49.0,41.0
nyc,Bus,Q41,flood_risk,40.0,17.0,42.0
nyc,Bus,Q41,job_access,13.0,51.0,35.0
nyc,Bus,Q41,worker_vulnerability,0.0,61.0,38.0
nyc,Bus,Q42,access_to_hospital,0.0,38.0,1.0
nyc,Bus,Q42,flood_risk,15.0,3.0,21.0
nyc,Bus,Q42,job_access,7.0,24.0,8.0
nyc,Bus,Q42,worker_vulnerability,0.0,29.0,10.0
nyc,Bus,Q43,access_to_hospital,14.0,31.0,50.0
nyc,Bus,Q43,flood_risk,21.0,21.0,53.0
nyc,Bus,Q43,job_access,20.0,69.0,6.0
nyc,Bus,Q43,worker_vulnerability,0.0,71.0,24.0
nyc,Bus,Q44+,access_to_hospital,12.0,26.0,26.0
nyc,Bus,Q44+,flood_risk,26.0,15.0,23.0
nyc,Bus,Q44+,job_access,20.0,6.0,38.0
nyc,Bus,Q44+,worker_vulnerability,28.0,8.0,28.0
nyc,Bus,Q46,access_to_hospital,39.0,42.0,30.0
nyc,Bus,Q46,flood_risk,26.0,12.0,73.0
nyc,Bus,Q46,job_access,23.0,53.0,35.0
nyc,Bus,Q46,worker_vulnerability,0.0,103.0,8.0
nyc,Bus,Q47,access_to_hospital,4.0,53.0,28.0
nyc,Bus,Q47,flood_risk,33.0,9.0,43.0
nyc,Bus,Q47,job_access,14.0,20.0,51.0
nyc,Bus,Q47,worker_vulnerability,3.0,19.0,63.0
nyc,Bus,Q48,access_to_hospital,0.0,48.0,3.0
nyc,Bus,Q48,flood_risk,23.0,15.0,13.0
nyc,Bus,Q48,job_access,6.0,26.0,19.0
nyc,Bus,Q48,worker_vulnerability,7.0,3.0,41.0
nyc,Bus,Q49,access_to_hospital,4.0,25.0,16.0
nyc,Bus,Q49,flood_risk,1.0,25.0,19.0
nyc,Bus,Q49,job_access,15.0,0.0,30.0
nyc,Bus,Q49,worker_vulnerability,23.0,0.0,22.0
nyc,Bus,Q5,access_to_hospital,0.0,94.0,2.0
nyc,Bus,Q5,flood_risk,32.0,7.0,57.0
nyc,Bus,Q5,job_access,9.0,69.0,18.0
nyc,Bus,Q5,worker_vulnerability,0.0,65.0,31.0
nyc,Bus,Q50,access_to_hospital,2.0,47.0,4.0
nyc,Bus,Q50,flood_risk,47.0,1.0,5.0
nyc,Bus,Q50,job_access,6.0,29.0,18.0
nyc,Bus,Q50,worker_vulnerability,46.0,0.0,7.0
nyc,Bus,Q52+,access_to_hospital,5.0,32.0,4.0
nyc,Bus,Q52+,flood_risk,29.0,0.0,12.0
nyc,Bus,Q52+,job_access,3.0,27.0,11.0
nyc,Bus,Q52+,worker_vulnerability,6.0,10.0,25.0
nyc,Bus,Q53+,access_to_hospital,12.0,29.0,4.0
nyc,Bus,Q53+,flood_risk,27.0,4.0,14.0
nyc,Bus,Q53+,job_access,12.0,22.0,11.0
nyc,Bus,Q53+,worker_vulnerability,9.0,11.0,25.0
nyc,Bus,Q54,access_to_hospital,24.0,80.0,31.0
nyc,Bus,Q54,flood_risk,36.0,28.0,71.0
nyc,Bus,Q54,job_access,55.0,33.0,47.0
nyc,Bus,Q54,worker_vulnerability,14.0,60.0,61.0
nyc,Bus,Q55,access_to_hospital,0.0,58.0,10.0
nyc,Bus,Q55,flood_risk,29.0,7.0,32.0
nyc,Bus,Q55,job_access,7.0,32.0,29.0
nyc,Bus,Q55,worker_vulnerability,1.0,35.0,32.0
nyc,Bus,Q56,access_to_hospital,13.0,75.0,26.0
nyc,Bus,Q56,flood_risk,22.0,63.0,29.0
nyc,Bus,Q56,job_access,27.0,37.0,50.0
nyc,Bus,Q56,worker_vulnerability,32.0,21.0,61.0
nyc,Bus,Q58,access_to_hospital,14.0,51.0,49.0
nyc,Bus,Q58,flood_risk,24.0,42.0,48.0
nyc,Bus,Q58,job_access,34.0,3.0,77.0
nyc,Bus,Q58,worker_vulnerability,8.0,25.0,81.0
nyc,Bus,Q59,access_to_hospital,22.0,47.0,24.0
nyc,Bus,Q59,flood_risk,42.0,14.0,37.0
nyc,Bus,Q59,job_access,47.0,0.0,46.0
nyc,Bus,Q59,worker_vulnerability,29.0,12.0,52.0
nyc,Bus,Q60,access_to_hospital,23.0,54.0,31.0
nyc,Bus,Q60,flood_risk,34.0,31.0,43.0
nyc,Bus,Q60,job_access,73.0,7.0,28.0
nyc,Bus,Q60,worker_vulnerability,25.0,22.0,61.0
nyc,Bus,Q64,access_to_hospital,0.0,28.0,9.0
nyc,Bus,Q64,flood_risk,0.0,26.0,11.0
nyc,Bus,Q64,job_access,9.0,11.0,17.0
nyc,Bus,Q64,worker_vulnerability,21.0,8.0,8.0
nyc,Bus,Q65,access_to_hospital,22.0,53.0,31.0
nyc,Bus,Q65,flood_risk,45.0,20.0,41.0
nyc,Bus,Q65,job_access,29.0,25.0,52.0
nyc,Bus,Q65,worker_vulnerability,10.0,48.0,48.0
nyc,Bus,Q66,access_to_hospital,0.0,46.0,14.0
nyc,Bus,Q66,flood_risk,17.0,26.0,17.0
nyc,Bus,Q66,job_access,27.0,6.0,27.0
nyc,Bus,Q66,worker_vulnerability,8.0,0.0,52.0
nyc,Bus,Q67,access_to_hospital,0.0,88.0,0.0
nyc,Bus,Q67,flood_risk,41.0,7.0,40.0
nyc,Bus,Q67,job_access,34.0,26.0,28.0
nyc,Bus,Q67,worker_vulnerability,1.0,36.0,51.0
nyc,Bus,Q69,access_to_hospital,6.0,53.0,17.0
nyc,Bus,Q69,flood_risk,13.0,31.0,32.0
nyc,Bus,Q69,job_access,18.0,9.0,49.0
nyc,Bus,Q69,worker_vulnerability,0.0,22.0,54.0
nyc,Bus,Q70+,access_to_hospital,2.0,5.0,0.0
nyc,Bus,Q70+,flood_risk,3.0,2.0,2.0
nyc,Bus,Q70+,job_access,3.0,2.0,2.0
nyc,Bus,Q70+,worker_vulnerability,2.0,1.0,4.0
nyc,Bus,Q72,access_to_hospital,0.0,33.0,15.0
nyc,Bus,Q72,flood_risk,11.0,14.0,23.0
nyc,Bus,Q72,job_access,14.0,2.0,32.0
nyc,Bus,Q72,worker_vulnerability,8.0,1.0,39.0
nyc,Bus,Q76,access_to_hospital,7.0,100.0,21.0
nyc,Bus,Q76,flood_risk,58.0,15.0,55.0
nyc,Bus,Q76,job_access,5.0,94.0,29.0
nyc,Bus,Q76,worker_vulnerability,0.0,97.0,31.0
nyc,Bus,Q77,access_to_hospital,8.0,71.0,15.0
nyc,Bus,Q77,flood_risk,31.0,8.0,55.0
nyc,Bus,Q77,job_access,5.0,76.0,13.0
nyc,Bus,Q77,worker_vulnerability,0.0,71.0,23.0
nyc,Bus,Q83,access_to_hospital,0.0,87.0,5.0
nyc,Bus,Q83,flood_risk,46.0,9.0,37.0
nyc,Bus,Q83,job_access,11.0,71.0,10.0
nyc,Bus,Q83,worker_vulnerability,0.0,78.0,14.0
nyc,Bus,Q84,access_to_hospital,0.0,80.0,1.0
nyc,Bus,Q84,flood_risk,30.0,11.0,40.0
nyc,Bus,Q84,job_access,8.0,69.0,4.0
nyc,Bus,Q84,worker_vulnerability,0.0,70.0,11.0
nyc,Bus,Q85,access_to_hospital,0.0,102.0,2.0
nyc,Bus,Q85,flood_risk,39.0,9.0,56.0
nyc,Bus,Q85,job_access,10.0,69.0,25.0
nyc,Bus,Q85,worker_vulnerability,0.0,89.0,15.0
nyc,Bus,Q88,access_to_hospital,6.0,94.0,32.0
nyc,Bus,Q88,flood_risk,38.0,23.0,71.0
nyc,Bus,Q88,job_access,14.0,82.0,36.0
nyc,Bus,Q88,worker_vulnerability,0.0,106.0,26.0
nyc,Bus,QM1,access_to_hospital,3.0,19.0,11.0
nyc,Bus,QM1,flood_risk,5.0,14.0,14.0
nyc,Bus,QM1,job_access,10.0,6.0,17.0
nyc,Bus,QM1,worker_vulnerability,0.0,31.0,2.0
nyc,Bus,QM10,access_to_hospital,3.0,6.0,16.0
nyc,Bus,QM10,flood_risk,9.0,9.0,7.0
nyc,Bus,QM10,job_access,23.0,0.0,2.0
nyc,Bus,QM10,worker_vulnerability,0.0,10.0,15.0
nyc,Bus,QM11,access_to_hospital,10.0,2.0,18.0
nyc,Bus,QM11,flood_risk,19.0,1.0,10.0
nyc,Bus,QM11,job_access,28.0,0.0,2.0
nyc,Bus,QM11,worker_vulnerability,3.0,9.0,18.0
nyc,Bus,QM12,access_to_hospital,9.0,15.0,18.0
nyc,Bus,QM12,flood_risk,21.0,9.0,12.0
nyc,Bus,QM12,job_access,36.0,4.0,2.0
nyc,Bus,QM12,worker_vulnerability,17.0,16.0,9.0
nyc,Bus,QM15,access_to_hospital,7.0,21.0,17.0
nyc,Bus,QM15,flood_risk,21.0,9.0,15.0
nyc,Bus,QM15,job_access,10.0,21.0,14.0
nyc,Bus,QM15,worker_vulnerability,1.0,33.0,11.0
nyc,Bus,QM16,access_to_hospital,3.0,27.0,5.0
nyc,Bus,QM16,flood_risk,26.0,8.0,1.0
nyc,Bus,QM16,job_access,9.0,26.0,0.0
nyc,Bus,QM16,worker_vulnerability,4.0,27.0,4.0
nyc,Bus,QM17,access_to_hospital,13.0,20.0,8.0
nyc,Bus,QM17,flood_risk,27.0,9.0,5.0
nyc,Bus,QM17,job_access,9.0,25.0,7.0
nyc,Bus,QM17,worker_vulnerability,4.0,13.0,24.0
nyc,Bus,QM18,access_to_hospital,3.0,35.0,12.0
nyc,Bus,QM18,flood_risk,8.0,21.0,21.0
nyc,Bus,QM18,job_access,29.0,10.0,11.0
nyc,Bus,QM18,worker_vulnerability,8.0,10.0,32.0
nyc,Bus,QM2,access_to_hospital,1.0,49.0,5.0
nyc,Bus,QM2,flood_risk,15.0,11.0,29.0
nyc,Bus,QM2,job_access,13.0,21.0,21.0
nyc,Bus,QM2,worker_vulnerability,0.0,34.0,21.0
nyc,Bus,QM20,access_to_hospital,1.0,48.0,5.0
nyc,Bus,QM20,flood_risk,6.0,12.0,36.0
nyc,Bus,QM20,job_access,13.0,31.0,10.0
nyc,Bus,QM20,worker_vulnerability,0.0,40.0,14.0
nyc,Bus,QM21,access_to_hospital,0.0,20.0,6.0
nyc,Bus,QM21,flood_risk,5.0,16.0,5.0
nyc,Bus,QM21,job_access,11.0,7.0,8.0
nyc,Bus,QM21,worker_vulnerability,0.0,20.0,6.0
nyc,Bus,QM24,access_to_hospital,1.0,34.0,7.0
nyc,Bus,QM24,flood_risk,9.0,14.0,19.0
nyc,Bus,QM24,job_access,10.0,16.0,16.0
nyc,Bus,QM24,worker_vulnerability,0.0,30.0,12.0
nyc,Bus,QM25,access_to_hospital,6.0,29.0,7.0
nyc,Bus,QM25,flood_risk,19.0,5.0,18.0
nyc,Bus,QM25,job_access,10.0,16.0,16.0
nyc,Bus,QM25,worker_vulnerability,0.0,29.0,13.0
nyc,Bus,QM3,access_to_hospital,1.0,40.0,9.0
nyc,Bus,QM3,flood_risk,13.0,17.0,20.0
nyc,Bus,QM3,job_access,16.0,18.0,16.0
nyc,Bus,QM3,worker_vulnerability,4.0,34.0,12.0
nyc,Bus,QM31,access_to_hospital,2.0,15.0,10.0
nyc,Bus,QM31,flood_risk,6.0,5.0,16.0
nyc,Bus,QM31,job_access,4.0,6.0,17.0
nyc,Bus,QM31,worker_vulnerability,0.0,25.0,2.0
nyc,Bus,QM32,access_to_hospital,0.0,32.0,2.0
nyc,Bus,QM32,flood_risk,10.0,0.0,24.0
nyc,Bus,QM32,job_access,4.0,21.0,9.0
nyc,Bus,QM32,worker_vulnerability,0.0,25.0,9.0
nyc,Bus,QM34,access_to_hospital,0.0,31.0,5.0
nyc,Bus,QM34,flood_risk,10.0,5.0,21.0
nyc,Bus,QM34,job_access,4.0,16.0,16.0
nyc,Bus,QM34,worker_vulnerability,0.0,24.0,12.0
nyc,Bus,QM35,access_to_hospital,8.0,53.0,15.0
nyc,Bus,QM35,flood_risk,20.0,5.0,51.0
nyc,Bus,QM35,job_access,5.0,53.0,18.0
nyc,Bus,QM35,worker_vulnerability,0.0,74.0,2.0
nyc,Bus,QM36,access_to_hospital,14.0,14.0,15.0
nyc,Bus,QM36,flood_risk,11.0,6.0,26.0
nyc,Bus,QM36,job_access,11.0,19.0,13.0
nyc,Bus,QM36,worker_vulnerability,0.0,41.0,2.0
nyc,Bus,QM4,access_to_hospital,1.0,25.0,11.0
nyc,Bus,QM4,flood_risk,1.0,24.0,12.0
nyc,Bus,QM4,job_access,18.0,12.0,7.0
nyc,Bus,QM4,worker_vulnerability,15.0,18.0,4.0
nyc,Bus,QM40,access_to_hospital,2.0,3.0,14.0
nyc,Bus,QM40,flood_risk,10.0,0.0,9.0
nyc,Bus,QM40,job_access,17.0,0.0,2.0
nyc,Bus,QM40,worker_vulnerability,0.0,4.0,15.0
nyc,Bus,QM42,access_to_hospital,8.0,12.0,16.0
nyc,Bus,QM42,flood_risk,22.0,0.0,14.0
nyc,Bus,QM42,job_access,30.0,4.0,2.0
nyc,Bus,QM42,worker_vulnerability,17.0,10.0,9.0
nyc,Bus,QM44,access_to_hospital,0.0,21.0,10.0
nyc,Bus,QM44,flood_risk,2.0,15.0,14.0
nyc,Bus,QM44,job_access,12.0,12.0,7.0
nyc,Bus,QM44,worker_vulnerability,15.0,12.0,4.0
nyc,Bus,QM5,access_to_hospital,9.0,58.0,16.0
nyc,Bus,QM5,flood_risk,19.0,14.0,50.0
nyc,Bus,QM5,job_access,11.0,53.0,19.0
nyc,Bus,QM5,worker_vulnerability,0.0,81.0,2.0
nyc,Bus,QM6,access_to_hospital,15.0,18.0,17.0
nyc,Bus,QM6,flood_risk,10.0,16.0,24.0
nyc,Bus,QM6,job_access,17.0,20.0,13.0
nyc,Bus,QM6,worker_vulnerability,0.0,48.0,2.0
nyc,Bus,QM7,access_to_hospital,8.0,12.0,12.0
nyc,Bus,QM7,flood_risk,15.0,5.0,12.0
nyc,Bus,QM7,job_access,10.0,6.0,16.0
nyc,Bus,QM7,worker_vulnerability,0.0,29.0,3.0
nyc,Bus,QM8,access_to_hospital,14.0,52.0,17.0
nyc,Bus,QM8,flood_risk,29.0,5.0,49.0
nyc,Bus,QM8,job_access,11.0,53.0,19.0
nyc,Bus,QM8,worker_vulnerability,0.0,80.0,3.0
nyc,Bus,S40,access_to_hospital,0.0,89.0,2.0
nyc,Bus,S40,flood_risk,9.0,0.0,82.0
nyc,Bus,S40,job_access,0.0,86.0,5.0
nyc,Bus,S40,worker_vulnerability,0.0,91.0,0.0
nyc,Bus,S42,access_to_hospital,11.0,17.0,19.0
nyc,Bus,S42,flood_risk,12.0,6.0,29.0
nyc,Bus,S42,job_access,0.0,34.0,13.0
nyc,Bus,S42,worker_vulnerability,0.0,47.0,0.0
nyc,Bus,S44,access_to_hospital,5.0,97.0,21.0
nyc,Bus,S44,flood_risk,41.0,0.0,82.0
nyc,Bus,S44,job_access,0.0,116.0,7.0
nyc,Bus,S44,worker_vulnerability,0.0,123.0,0.0
nyc,Bus,S46,access_to_hospital,25.0,71.0,17.0
nyc,Bus,S46,flood_risk,29.0,0.0,84.0
nyc,Bus,S46,job_access,0.0,103.0,10.0
nyc,Bus,S46,worker_vulnerability,0.0,113.0,0.0
nyc,Bus,S48,access_to_hospital,15.0,60.0,19.0
nyc,Bus,S48,flood_risk,20.0,7.0,67.0
nyc,Bus,S48,job_access,0.0,84.0,10.0
nyc,Bus,S48,worker_vulnerability,0.0,94.0,0.0
nyc,Bus,S51,access_to_hospital,9.0,62.0,36.0
nyc,Bus,S51,flood_risk,85.0,10.0,12.0
nyc,Bus,S51,job_access,0.0,99.0,8.0
nyc,Bus,S51,worker_vulnerability,0.0,105.0,2.0
nyc,Bus,S52,access_to_hospital,30.0,58.0,26.0
nyc,Bus,S52,flood_risk,52.0,6.0,56.0
nyc,Bus,S52,job_access,0.0,101.0,13.0
nyc,Bus,S52,worker_vulnerability,0.0,106.0,8.0
nyc,Bus,S53,access_to_hospital,0.0,81.0,10.0
nyc,Bus,S53,flood_risk,29.0,7.0,55.0
nyc,Bus,S53,job_access,0.0,84.0,7.0
nyc,Bus,S53,worker_vulnerability,0.0,84.0,7.0
nyc,Bus,S54,access_to_hospital,0.0,130.0,9.0
nyc,Bus,S54,flood_risk,49.0,0.0,90.0
nyc,Bus,S54,job_access,0.0,139.0,0.0
nyc,Bus,S54,worker_vulnerability,0.0,139.0,0.0
nyc,Bus,S55,access_to_hospital,4.0,72.0,8.0
nyc,Bus,S55,flood_risk,7.0,0.0,77.0
nyc,Bus,S55,job_access,0.0,81.0,3.0
nyc,Bus,S55,worker_vulnerability,0.0,82.0,2.0
nyc,Bus,S56,access_to_hospital,4.0,64.0,10.0
nyc,Bus,S56,flood_risk,5.0,5.0,68.0
nyc,Bus,S56,job_access,0.0,76.0,2.0
nyc,Bus,S56,worker_vulnerability,4.0,68.0,6.0
nyc,Bus,S57,access_to_hospital,0.0,127.0,0.0
nyc,Bus,S57,flood_risk,53.0,0.0,74.0
nyc,Bus,S57,job_access,0.0,127.0,0.0
nyc,Bus,S57,worker_vulnerability,0.0,127.0,0.0
nyc,Bus,S59,access_to_hospital,3.0,159.0,9.0
nyc,Bus,S59,flood_risk,49.0,0.0,122.0
nyc,Bus,S59,job_access,0.0,169.0,2.0
nyc,Bus,S59,worker_vulnerability,0.0,171.0,0.0
nyc,Bus,S61,access_to_hospital,7.0,92.0,12.0
nyc,Bus,S61,flood_risk,20.0,8.0,83.0
nyc,Bus,S61,job_access,0.0,98.0,13.0
nyc,Bus,S61,worker_vulnerability,0.0,111.0,0.0
nyc,Bus,S62,access_to_hospital,7.0,95.0,12.0
nyc,Bus,S62,flood_risk,32.0,8.0,74.0
nyc,Bus,S62,job_access,0.0,103.0,11.0
nyc,Bus,S62,worker_vulnerability,0.0,114.0,0.0
nyc,Bus,S66,access_to_hospital,7.0,83.0,12.0
nyc,Bus,S66,flood_risk,26.0,17.0,59.0
nyc,Bus,S66,job_access,0.0,92.0,10.0
nyc,Bus,S66,worker_vulnerability,0.0,102.0,0.0
nyc,Bus,S74,access_to_hospital,5.0,178.0,27.0
nyc,Bus,S74,flood_risk,65.0,0.0,145.0
nyc,Bus,S74,job_access,0.0,203.0,7.0
nyc,Bus,S74,worker_vulnerability,4.0,191.0,15.0
nyc,Bus,S76,access_to_hospital,8.0,107.0,28.0
nyc,Bus,S76,flood_risk,91.0,0.0,52.0
nyc,Bus,S76,job_access,0.0,135.0,8.0
nyc,Bus,S76,worker_vulnerability,0.0,139.0,4.0
nyc,Bus,S78,access_to_hospital,19.0,187.0,40.0
nyc,Bus,S78,flood_risk,89.0,0.0,157.0
nyc,Bus,S78,job_access,0.0,232.0,14.0
nyc,Bus,S78,worker_vulnerability,0.0,239.0,7.0
nyc,Bus,S79+,access_to_hospital,2.0,46.0,2.0
nyc,Bus,S79+,flood_risk,20.0,0.0,30.0
nyc,Bus,S79+,job_access,0.0,44.0,6.0
nyc,Bus,S79+,worker_vulnerability,0.0,45.0,5.0
nyc,Bus,S81,access_to_hospital,3.0,22.0,10.0
nyc,Bus,S81,flood_risk,29.0,5.0,1.0
nyc,Bus,S81,job_access,0.0,34.0,1.0
nyc,Bus,S81,worker_vulnerability,0.0,35.0,0.0
nyc,Bus,S84,access_to_hospital,0.0,41.0,2.0
nyc,Bus,S84,flood_risk,6.0,0.0,37.0
nyc,Bus,S84,job_access,0.0,42.0,1.0
nyc,Bus,S84,worker_vulnerability,2.0,37.0,4.0
nyc,Bus,S86,access_to_hospital,1.0,50.0,4.0
nyc,Bus,S86,flood_risk,28.0,0.0,27.0
nyc,Bus,S86,job_access,0.0,54.0,1.0
nyc,Bus,S86,worker_vulnerability,0.0,55.0,0.0
nyc,Bus,S89,access_to_hospital,0.0,29.0,0.0
nyc,Bus,S89,flood_risk,9.0,0.0,20.0
nyc,Bus,S89,job_access,0.0,29.0,0.0
nyc,Bus,S89,worker_vulnerability,0.0,29.0,0.0
nyc,Bus,S90,access_to_hospital,0.0,38.0,0.0
nyc,Bus,S90,flood_risk,0.0,0.0,38.0
nyc,Bus,S90,job_access,0.0,37.0,1.0
nyc,Bus,S90,worker_vulnerability,0.0,38.0,0.0
nyc,Bus,S91,access_to_hospital,1.0,65.0,5.0
nyc,Bus,S91,flood_risk,11.0,3.0,57.0
nyc,Bus,S91,job_access,0.0,65.0,6.0
nyc,Bus,S91,worker_vulnerability,0.0,71.0,0.0
nyc,Bus,S92,access_to_hospital,1.0,71.0,5.0
nyc,Bus,S92,flood_risk,23.0,3.0,51.0
nyc,Bus,S92,job_access,0.0,73.0,4.0
nyc,Bus,S92,worker_vulnerability,0.0,77.0,0.0
nyc,Bus,S93,access_to_hospital,0.0,40.0,2.0
nyc,Bus,S93,flood_risk,12.0,1.0,29.0
nyc,Bus,S93,job_access,0.0,35.0,7.0
nyc,Bus,S93,worker_vulnerability,0.0,35.0,7.0
nyc,Bus,S94,access_to_hospital,2.0,68.0,6.0
nyc,Bus,S94,flood_risk,35.0,0.0,41.0
nyc,Bus,S94,job_access,0.0,73.0,3.0
nyc,Bus,S94,worker_vulnerability,0.0,76.0,0.0
nyc,Bus,S96,access_to_hospital,4.0,62.0,6.0
nyc,Bus,S96,flood_risk,20.0,0.0,52.0
nyc,Bus,S96,job_access,0.0,69.0,3.0
nyc,Bus,S96,worker_vulnerability,0.0,72.0,0.0
nyc,Bus,S98,access_to_hospital,5.0,40.0,3.0
nyc,Bus,S98,flood_risk,6.0,2.0,40.0
nyc,Bus,S98,job_access,0.0,45.0,3.0
nyc,Bus,S98,worker_vulnerability,0.0,48.0,0.0
nyc,Bus,SIM1,access_to_hospital,6.0,49.0,16.0
nyc,Bus,SIM1,flood_risk,38.0,1.0,32.0
nyc,Bus,SIM1,job_access,15.0,52.0,4.0
nyc,Bus,SIM1,worker_vulnerability,2.0,66.0,3.0
nyc,Bus,SIM10,access_to_hospital,14.0,51.0,13.0
nyc,Bus,SIM10,flood_risk,32.0,17.0,29.0
nyc,Bus,SIM10,job_access,23.0,52.0,3.0
nyc,Bus,SIM10,worker_vulnerability,1.0,75.0,2.0
nyc,Bus,SIM11,access_to_hospital,13.0,31.0,12.0
nyc,Bus,SIM11,flood_risk,26.0,14.0,16.0
nyc,Bus,SIM11,job_access,25.0,27.0,4.0
nyc,Bus,SIM11,worker_vulnerability,2.0,52.0,2.0
nyc,Bus,SIM15,access_to_hospital,7.0,50.0,12.0
nyc,Bus,SIM15,flood_risk,28.0,1.0,40.0
nyc,Bus,SIM15,job_access,15.0,48.0,6.0
nyc,Bus,SIM15,worker_vulnerability,2.0,60.0,7.0
nyc,Bus,SIM1C,access_to_hospital,13.0,54.0,22.0
nyc,Bus,SIM1C,flood_risk,40.0,16.0,33.0
nyc,Bus,SIM1C,job_access,33.0,52.0,4.0
nyc,Bus,SIM1C,worker_vulnerability,2.0,83.0,4.0
nyc,Bus,SIM2,access_to_hospital,7.0,42.0,16.0
nyc,Bus,SIM2,flood_risk,15.0,4.0,46.0
nyc,Bus,SIM2,job_access,13.0,43.0,9.0
nyc,Bus,SIM2,worker_vulnerability,4.0,52.0,9.0
nyc,Bus,SIM22,access_to_hospital,0.0,39.0,0.0
nyc,Bus,SIM22,flood_risk,7.0,10.0,22.0
nyc,Bus,SIM22,job_access,16.0,23.0,0.0
nyc,Bus,SIM22,worker_vulnerability,4.0,34.0,1.0
nyc,Bus,SIM23,access_to_hospital,0.0,37.0,7.0
nyc,Bus,SIM23,flood_risk,3.0,17.0,24.0
nyc,Bus,SIM23,job_access,21.0,23.0,0.0
nyc,Bus,SIM23,worker_vulnerability,0.0,39.0,5.0
nyc,Bus,SIM24,access_to_hospital,0.0,30.0,9.0
nyc,Bus,SIM24,flood_risk,1.0,19.0,19.0
nyc,Bus,SIM24,job_access,21.0,18.0,0.0
nyc,Bus,SIM24,worker_vulnerability,0.0,34.0,5.0
nyc,Bus,SIM25,access_to_hospital,2.0,42.0,5.0
nyc,Bus,SIM25,flood_risk,1.0,13.0,35.0
nyc,Bus,SIM25,job_access,17.0,32.0,0.0
nyc,Bus,SIM25,worker_vulnerability,0.0,48.0,1.0
nyc,Bus,SIM26,access_to_hospital,0.0,50.0,0.0
nyc,Bus,SIM26,flood_risk,2.0,10.0,38.0
nyc,Bus,SIM26,job_access,16.0,34.0,0.0
nyc,Bus,SIM26,worker_vulnerability,0.0,49.0,1.0
nyc,Bus,SIM3,access_to_hospital,11.0,39.0,10.0
nyc,Bus,SIM3,flood_risk,25.0,18.0,17.0
nyc,Bus,SIM3,job_access,26.0,32.0,2.0
nyc,Bus,SIM3,worker_vulnerability,2.0,54.0,4.0
nyc,Bus,SIM30,access_to_hospital,9.0,43.0,11.0
nyc,Bus,SIM30,flood_risk,12.0,18.0,33.0
nyc,Bus,SIM30,job_access,16.0,47.0,0.0
nyc,Bus,SIM30,worker_vulnerability,0.0,60.0,3.0
nyc,Bus,SIM31,access_to_hospital,12.0,52.0,8.0
nyc,Bus,SIM31,flood_risk,20.0,18.0,34.0
nyc,Bus,SIM31,job_access,27.0,37.0,8.0
nyc,Bus,SIM31,worker_vulnerability,3.0,59.0,10.0
nyc,Bus,SIM32,access_to_hospital,3.0,34.0,7.0
nyc,Bus,SIM32,flood_risk,19.0,0.0,25.0
nyc,Bus,SIM32,job_access,10.0,32.0,2.0
nyc,Bus,SIM32,worker_vulnerability,2.0,42.0,0.0
nyc,Bus,SIM33,access_to_hospital,4.0,40.0,7.0
nyc,Bus,SIM33,flood_risk,13.0,4.0,34.0
nyc,Bus,SIM33,job_access,13.0,35.0,3.0
nyc,Bus,SIM33,worker_vulnerability,2.0,46.0,3.0
nyc,Bus,SIM33C,access_to_hospital,10.0,51.0,14.0
nyc,Bus,SIM33C,flood_risk,23.0,16.0,36.0
nyc,Bus,SIM33C,job_access,31.0,41.0,3.0
nyc,Bus,SIM33C,worker_vulnerability,2.0,66.0,7.0
nyc,Bus,SIM34,access_to_hospital,5.0,41.0,14.0
nyc,Bus,SIM34,flood_risk,26.0,2.0,32.0
nyc,Bus,SIM34,job_access,17.0,34.0,9.0
nyc,Bus,SIM34,worker_vulnerability,4.0,46.0,10.0
nyc,Bus,SIM35,access_to_hospital,8.0,42.0,9.0
nyc,Bus,SIM35,flood_risk,31.0,2.0,26.0
nyc,Bus,SIM35,job_access,14.0,36.0,9.0
nyc,Bus,SIM35,worker_vulnerability,4.0,44.0,11.0
nyc,Bus,SIM3C,access_to_hospital,10.0,45.0,16.0
nyc,Bus,SIM3C,flood_risk,33.0,16.0,22.0
nyc,Bus,SIM3C,job_access,32.0,37.0,2.0
nyc,Bus,SIM3C,worker_vulnerability,2.0,64.0,5.0
nyc,Bus,SIM4,access_to_hospital,4.0,46.0,11.0
nyc,Bus,SIM4,flood_risk,25.0,1.0,35.0
nyc,Bus,SIM4,job_access,12.0,38.0,11.0
nyc,Bus,SIM4,worker_vulnerability,4.0,48.0,9.0
nyc,Bus,SIM4C,access_to_hospital,11.0,64.0,19.0
nyc,Bus,SIM4C,flood_risk,28.0,20.0,46.0
nyc,Bus,SIM4C,job_access,34.0,49.0,11.0
nyc,Bus,SIM4C,worker_vulnerability,8.0,71.0,15.0
nyc,Bus,SIM4X,access_to_hospital,4.0,14.0,11.0
nyc,Bus,SIM4X,flood_risk,15.0,1.0,13.0
nyc,Bus,SIM4X,job_access,12.0,8.0,9.0
nyc,Bus,SIM4X,worker_vulnerability,4.0,16.0,9.0
nyc,Bus,SIM5,access_to_hospital,9.0,51.0,13.0
nyc,Bus,SIM5,flood_risk,46.0,1.0,26.0
nyc,Bus,SIM5,job_access,14.0,53.0,6.0
nyc,Bus,SIM5,worker_vulnerability,3.0,63.0,7.0
nyc,Bus,SIM6,access_to_hospital,12.0,56.0,11.0
nyc,Bus,SIM6,flood_risk,39.0,14.0,26.0
nyc,Bus,SIM6,job_access,25.0,52.0,2.0
nyc,Bus,SIM6,worker_vulnerability,2.0,75.0,2.0
nyc,Bus,SIM7,access_to_hospital,7.0,52.0,13.0
nyc,Bus,SIM7,flood_risk,33.0,4.0,35.0
nyc,Bus,SIM7,job_access,15.0,53.0,4.0
nyc,Bus,SIM7,worker_vulnerability,2.0,69.0,1.0
nyc,Bus,SIM8,access_to_hospital,0.0,64.0,0.0
nyc,Bus,SIM8,flood_risk,12.0,15.0,37.0
nyc,Bus,SIM8,job_access,16.0,46.0,2.0
nyc,Bus,SIM8,worker_vulnerability,4.0,60.0,0.0
nyc,Bus,SIM8X,access_to_hospital,0.0,22.0,0.0
nyc,Bus,SIM8X,flood_risk,1.0,12.0,9.0
nyc,Bus,SIM8X,job_access,16.0,6.0,0.0
nyc,Bus,SIM8X,worker_vulnerability,0.0,21.0,1.0
nyc,Bus,SIM9,access_to_hospital,6.0,42.0,12.0
nyc,Bus,SIM9,flood_risk,35.0,4.0,21.0
nyc,Bus,SIM9,job_access,15.0,43.0,2.0
nyc,Bus,SIM9,worker_vulnerability,2.0,57.0,1.0
nyc,Bus,X27,access_to_hospital,11.0,41.0,21.0
nyc,Bus,X27,flood_risk,15.0,36.0,22.0
nyc,Bus,X27,job_access,39.0,28.0,6.0
nyc,Bus,X27,worker_vulnerability,1.0,41.0,31.0
nyc,Bus,X28,access_to_hospital,30.0,12.0,39.0
nyc,Bus,X28,flood_risk,36.0,27.0,18.0
nyc,Bus,X28,job_access,37.0,28.0,16.0
nyc,Bus,X28,worker_vulnerability,18.0,38.0,25.0
nyc,Bus,X37,access_to_hospital,9.0,41.0,19.0
nyc,Bus,X37,flood_risk,13.0,39.0,17.0
nyc,Bus,X37,job_access,31.0,29.0,9.0
nyc,Bus,X37,worker_vulnerability,3.0,33.0,33.0
nyc,Bus,X38,access_to_hospital,25.0,12.0,35.0
nyc,Bus,X38,flood_risk,31.0,27.0,14.0
nyc,Bus,X38,job_access,26.0,29.0,17.0
nyc,Bus,X38,worker_vulnerability,19.0,28.0,25.0
nyc,Bus,X63,access_to_hospital,7.0,54.0,11.0
nyc,Bus,X63,flood_risk,16.0,27.0,29.0
nyc,Bus,X63,job_access,33.0,36.0,3.0
nyc,Bus,X63,worker_vulnerability,0.0,57.0,15.0
nyc,Bus,X64,access_to_hospital,7.0,39.0,14.0
nyc,Bus,X64,flood_risk,18.0,23.0,19.0
nyc,Bus,X64,job_access,35.0,20.0,5.0
nyc,Bus,X64,worker_vulnerability,0.0,49.0,11.0
nyc,Bus,X68,access_to_hospital,9.0,29.0,29.0
nyc,Bus,X68,flood_risk,12.0,31.0,24.0
nyc,Bus,X68,job_access,40.0,21.0,6.0
nyc,Bus,X68,worker_vulnerability,0.0,57.0,10.0
nyc,Rail,SI,access_to_hospital,0.0,32.0,10.0
nyc,Rail,SI,flood_risk,20.0,0.0,22.0
nyc,Rail,SI,job_access,0.0,40.0,2.0
nyc,Rail,SI,worker_vulnerability,0.0,40.0,2.0
